ccdloadtest4501@gmail.com,554156
ccdloadtest4502@gmail.com,554157
ccdloadtest4503@gmail.com,554158
ccdloadtest4504@gmail.com,554159
ccdloadtest4505@gmail.com,554160
ccdloadtest4506@gmail.com,554161
ccdloadtest4507@gmail.com,554162
ccdloadtest4508@gmail.com,554163
ccdloadtest4509@gmail.com,554164
ccdloadtest4510@gmail.com,554165
ccdloadtest4511@gmail.com,554166
ccdloadtest4512@gmail.com,554167
ccdloadtest4513@gmail.com,554168
ccdloadtest4514@gmail.com,554169
ccdloadtest4515@gmail.com,554170
ccdloadtest4516@gmail.com,554171
ccdloadtest4517@gmail.com,554172
ccdloadtest4518@gmail.com,554173
ccdloadtest4519@gmail.com,554174
ccdloadtest4520@gmail.com,554175
ccdloadtest4521@gmail.com,554176
ccdloadtest4522@gmail.com,554177
ccdloadtest4523@gmail.com,554178
ccdloadtest4524@gmail.com,554179
ccdloadtest4525@gmail.com,554180
ccdloadtest4526@gmail.com,554181
ccdloadtest4527@gmail.com,554182
ccdloadtest4528@gmail.com,554183
ccdloadtest4529@gmail.com,554184
ccdloadtest4530@gmail.com,554185
ccdloadtest4531@gmail.com,554186
ccdloadtest4532@gmail.com,554187
ccdloadtest4533@gmail.com,554188
ccdloadtest4534@gmail.com,554189
ccdloadtest4535@gmail.com,554190
ccdloadtest4536@gmail.com,554191
ccdloadtest4537@gmail.com,554192
ccdloadtest4538@gmail.com,554193
ccdloadtest4539@gmail.com,554194
ccdloadtest4540@gmail.com,554195
ccdloadtest4541@gmail.com,554196
ccdloadtest4542@gmail.com,554197
ccdloadtest4543@gmail.com,554198
ccdloadtest4544@gmail.com,554199
ccdloadtest4545@gmail.com,554200
ccdloadtest4546@gmail.com,554201
ccdloadtest4547@gmail.com,554202
ccdloadtest4548@gmail.com,554203
ccdloadtest4549@gmail.com,554204
ccdloadtest4550@gmail.com,554205
ccdloadtest4551@gmail.com,554206
ccdloadtest4552@gmail.com,554207
ccdloadtest4553@gmail.com,554208
ccdloadtest4554@gmail.com,554209
ccdloadtest4555@gmail.com,554210
ccdloadtest4556@gmail.com,554211
ccdloadtest4557@gmail.com,554212
ccdloadtest4558@gmail.com,554213
ccdloadtest4559@gmail.com,554214
ccdloadtest4560@gmail.com,554215
ccdloadtest4561@gmail.com,554216
ccdloadtest4562@gmail.com,554217
ccdloadtest4563@gmail.com,554218
ccdloadtest4564@gmail.com,554219
ccdloadtest4565@gmail.com,554220
ccdloadtest4566@gmail.com,554221
ccdloadtest4567@gmail.com,554222
ccdloadtest4568@gmail.com,554223
ccdloadtest4569@gmail.com,554224
ccdloadtest4570@gmail.com,554225
ccdloadtest4571@gmail.com,554226
ccdloadtest4572@gmail.com,554227
ccdloadtest4573@gmail.com,554228
ccdloadtest4574@gmail.com,554229
ccdloadtest4575@gmail.com,554230
ccdloadtest4576@gmail.com,554231
ccdloadtest4577@gmail.com,554232
ccdloadtest4578@gmail.com,554233
ccdloadtest4579@gmail.com,554234
ccdloadtest4580@gmail.com,554235
ccdloadtest4581@gmail.com,554236
ccdloadtest4582@gmail.com,554237
ccdloadtest4583@gmail.com,554238
ccdloadtest4584@gmail.com,554239
ccdloadtest4585@gmail.com,554240
ccdloadtest4586@gmail.com,554241
ccdloadtest4587@gmail.com,554242
ccdloadtest4588@gmail.com,554243
ccdloadtest4589@gmail.com,554244
ccdloadtest4590@gmail.com,554245
ccdloadtest4591@gmail.com,554246
ccdloadtest4592@gmail.com,554247
ccdloadtest4593@gmail.com,554248
ccdloadtest4594@gmail.com,554249
ccdloadtest4595@gmail.com,554250
ccdloadtest4596@gmail.com,554251
ccdloadtest4597@gmail.com,554252
ccdloadtest4598@gmail.com,554253
ccdloadtest4599@gmail.com,554254
ccdloadtest4600@gmail.com,554255
ccdloadtest4601@gmail.com,554256
ccdloadtest4602@gmail.com,554257
ccdloadtest4603@gmail.com,554258
ccdloadtest4604@gmail.com,554259
ccdloadtest4605@gmail.com,554260
ccdloadtest4606@gmail.com,554261
ccdloadtest4607@gmail.com,554262
ccdloadtest4608@gmail.com,554263
ccdloadtest4609@gmail.com,554264
ccdloadtest4610@gmail.com,554265
ccdloadtest4611@gmail.com,554266
ccdloadtest4612@gmail.com,554267
ccdloadtest4613@gmail.com,554268
ccdloadtest4614@gmail.com,554269
ccdloadtest4615@gmail.com,554270
ccdloadtest4616@gmail.com,554271
ccdloadtest4617@gmail.com,554272
ccdloadtest4618@gmail.com,554273
ccdloadtest4619@gmail.com,554274
ccdloadtest4620@gmail.com,554275
ccdloadtest4621@gmail.com,554276
ccdloadtest4622@gmail.com,554277
ccdloadtest4623@gmail.com,554278
ccdloadtest4624@gmail.com,554279
ccdloadtest4625@gmail.com,554280
ccdloadtest4626@gmail.com,554281
ccdloadtest4627@gmail.com,554282
ccdloadtest4628@gmail.com,554283
ccdloadtest4629@gmail.com,554284
ccdloadtest4630@gmail.com,554285
ccdloadtest4631@gmail.com,554286
ccdloadtest4632@gmail.com,554287
ccdloadtest4633@gmail.com,554288
ccdloadtest4634@gmail.com,554289
ccdloadtest4635@gmail.com,554290
ccdloadtest4636@gmail.com,554291
ccdloadtest4637@gmail.com,554292
ccdloadtest4638@gmail.com,554293
ccdloadtest4639@gmail.com,554294
ccdloadtest4640@gmail.com,554295
ccdloadtest4641@gmail.com,554296
ccdloadtest4642@gmail.com,554297
ccdloadtest4643@gmail.com,554298
ccdloadtest4644@gmail.com,554299
ccdloadtest4645@gmail.com,554300
ccdloadtest4646@gmail.com,554301
ccdloadtest4647@gmail.com,554302
ccdloadtest4648@gmail.com,554303
ccdloadtest4649@gmail.com,554304
ccdloadtest4650@gmail.com,554305
ccdloadtest4651@gmail.com,554306
ccdloadtest4652@gmail.com,554307
ccdloadtest4653@gmail.com,554308
ccdloadtest4654@gmail.com,554309
ccdloadtest4655@gmail.com,554310
ccdloadtest4656@gmail.com,554311
ccdloadtest4657@gmail.com,554312
ccdloadtest4658@gmail.com,554313
ccdloadtest4659@gmail.com,554314
ccdloadtest4660@gmail.com,554315
ccdloadtest4661@gmail.com,554316
ccdloadtest4662@gmail.com,554317
ccdloadtest4663@gmail.com,554318
ccdloadtest4664@gmail.com,554319
ccdloadtest4665@gmail.com,554320
ccdloadtest4666@gmail.com,554321
ccdloadtest4667@gmail.com,554322
ccdloadtest4668@gmail.com,554323
ccdloadtest4669@gmail.com,554324
ccdloadtest4670@gmail.com,554325
ccdloadtest4671@gmail.com,554326
ccdloadtest4672@gmail.com,554327
ccdloadtest4673@gmail.com,554328
ccdloadtest4674@gmail.com,554329
ccdloadtest4675@gmail.com,554330
ccdloadtest4676@gmail.com,554331
ccdloadtest4677@gmail.com,554332
ccdloadtest4678@gmail.com,554333
ccdloadtest4679@gmail.com,554334
ccdloadtest4680@gmail.com,554335
ccdloadtest4681@gmail.com,554336
ccdloadtest4682@gmail.com,554337
ccdloadtest4683@gmail.com,554338
ccdloadtest4684@gmail.com,554339
ccdloadtest4685@gmail.com,554340
ccdloadtest4686@gmail.com,554341
ccdloadtest4687@gmail.com,554342
ccdloadtest4688@gmail.com,554343
ccdloadtest4689@gmail.com,554344
ccdloadtest4690@gmail.com,554345
ccdloadtest4691@gmail.com,554346
ccdloadtest4692@gmail.com,554347
ccdloadtest4693@gmail.com,554348
ccdloadtest4694@gmail.com,554349
ccdloadtest4695@gmail.com,554350
ccdloadtest4696@gmail.com,554351
ccdloadtest4697@gmail.com,554352
ccdloadtest4698@gmail.com,554353
ccdloadtest4699@gmail.com,554354
ccdloadtest4700@gmail.com,554355
ccdloadtest4701@gmail.com,554356
ccdloadtest4702@gmail.com,554357
ccdloadtest4703@gmail.com,554358
ccdloadtest4704@gmail.com,554359
ccdloadtest4705@gmail.com,554360
ccdloadtest4706@gmail.com,554361
ccdloadtest4707@gmail.com,554362
ccdloadtest4708@gmail.com,554363
ccdloadtest4709@gmail.com,554364
ccdloadtest4710@gmail.com,554365
ccdloadtest4711@gmail.com,554366
ccdloadtest4712@gmail.com,554367
ccdloadtest4713@gmail.com,554368
ccdloadtest4714@gmail.com,554369
ccdloadtest4715@gmail.com,554370
ccdloadtest4716@gmail.com,554371
ccdloadtest4717@gmail.com,554372
ccdloadtest4718@gmail.com,554373
ccdloadtest4719@gmail.com,554374
ccdloadtest4720@gmail.com,554375
ccdloadtest4721@gmail.com,554376
ccdloadtest4722@gmail.com,554377
ccdloadtest4723@gmail.com,554378
ccdloadtest4724@gmail.com,554379
ccdloadtest4725@gmail.com,554380
ccdloadtest4726@gmail.com,554381
ccdloadtest4727@gmail.com,554382
ccdloadtest4728@gmail.com,554383
ccdloadtest4729@gmail.com,554384
ccdloadtest4730@gmail.com,554385
ccdloadtest4731@gmail.com,554386
ccdloadtest4732@gmail.com,554387
ccdloadtest4733@gmail.com,554388
ccdloadtest4734@gmail.com,554389
ccdloadtest4735@gmail.com,554390
ccdloadtest4736@gmail.com,554391
ccdloadtest4737@gmail.com,554392
ccdloadtest4738@gmail.com,554393
ccdloadtest4739@gmail.com,554394
ccdloadtest4740@gmail.com,554395
ccdloadtest4741@gmail.com,554396
ccdloadtest4742@gmail.com,554397
ccdloadtest4743@gmail.com,554398
ccdloadtest4744@gmail.com,554399
ccdloadtest4745@gmail.com,554400
ccdloadtest4746@gmail.com,554401
ccdloadtest4747@gmail.com,554402
ccdloadtest4748@gmail.com,554403
ccdloadtest4749@gmail.com,554404
ccdloadtest4750@gmail.com,554405
ccdloadtest4751@gmail.com,554406
ccdloadtest4752@gmail.com,554407
ccdloadtest4753@gmail.com,554408
ccdloadtest4754@gmail.com,554409
ccdloadtest4755@gmail.com,554410
ccdloadtest4756@gmail.com,554411
ccdloadtest4757@gmail.com,554412
ccdloadtest4758@gmail.com,554413
ccdloadtest4759@gmail.com,554414
ccdloadtest4760@gmail.com,554415
ccdloadtest4761@gmail.com,554416
ccdloadtest4762@gmail.com,554417
ccdloadtest4763@gmail.com,554418
ccdloadtest4764@gmail.com,554419
ccdloadtest4765@gmail.com,554420
ccdloadtest4766@gmail.com,554421
ccdloadtest4767@gmail.com,554422
ccdloadtest4768@gmail.com,554423
ccdloadtest4769@gmail.com,554424
ccdloadtest4770@gmail.com,554425
ccdloadtest4771@gmail.com,554426
ccdloadtest4772@gmail.com,554427
ccdloadtest4773@gmail.com,554428
ccdloadtest4774@gmail.com,554429
ccdloadtest4775@gmail.com,554430
ccdloadtest4776@gmail.com,554431
ccdloadtest4777@gmail.com,554432
ccdloadtest4778@gmail.com,554433
ccdloadtest4779@gmail.com,554434
ccdloadtest4780@gmail.com,554435
ccdloadtest4781@gmail.com,554436
ccdloadtest4782@gmail.com,554437
ccdloadtest4783@gmail.com,554438
ccdloadtest4784@gmail.com,554439
ccdloadtest4785@gmail.com,554440
ccdloadtest4786@gmail.com,554441
ccdloadtest4787@gmail.com,554442
ccdloadtest4788@gmail.com,554443
ccdloadtest4789@gmail.com,554444
ccdloadtest4790@gmail.com,554445
ccdloadtest4791@gmail.com,554446
ccdloadtest4792@gmail.com,554447
ccdloadtest4793@gmail.com,554448
ccdloadtest4794@gmail.com,554449
ccdloadtest4795@gmail.com,554450
ccdloadtest4796@gmail.com,554451
ccdloadtest4797@gmail.com,554452
ccdloadtest4798@gmail.com,554453
ccdloadtest4799@gmail.com,554454
ccdloadtest4800@gmail.com,554455
ccdloadtest4801@gmail.com,554456
ccdloadtest4802@gmail.com,554457
ccdloadtest4803@gmail.com,554458
ccdloadtest4804@gmail.com,554459
ccdloadtest4805@gmail.com,554460
ccdloadtest4806@gmail.com,554461
ccdloadtest4807@gmail.com,554462
ccdloadtest4808@gmail.com,554463
ccdloadtest4809@gmail.com,554464
ccdloadtest4810@gmail.com,554465
ccdloadtest4811@gmail.com,554466
ccdloadtest4812@gmail.com,554467
ccdloadtest4813@gmail.com,554468
ccdloadtest4814@gmail.com,554469
ccdloadtest4815@gmail.com,554470
ccdloadtest4816@gmail.com,554471
ccdloadtest4817@gmail.com,554472
ccdloadtest4818@gmail.com,554473
ccdloadtest4819@gmail.com,554474
ccdloadtest4820@gmail.com,554475
ccdloadtest4821@gmail.com,554476
ccdloadtest4822@gmail.com,554477
ccdloadtest4823@gmail.com,554478
ccdloadtest4824@gmail.com,554479
ccdloadtest4825@gmail.com,554480
ccdloadtest4826@gmail.com,554481
ccdloadtest4827@gmail.com,554482
ccdloadtest4828@gmail.com,554483
ccdloadtest4829@gmail.com,554484
ccdloadtest4830@gmail.com,554485
ccdloadtest4831@gmail.com,554486
ccdloadtest4832@gmail.com,554487
ccdloadtest4833@gmail.com,554488
ccdloadtest4834@gmail.com,554489
ccdloadtest4835@gmail.com,554490
ccdloadtest4836@gmail.com,554491
ccdloadtest4837@gmail.com,554492
ccdloadtest4838@gmail.com,554493
ccdloadtest4839@gmail.com,554494
ccdloadtest4840@gmail.com,554495
ccdloadtest4841@gmail.com,554496
ccdloadtest4842@gmail.com,554497
ccdloadtest4843@gmail.com,554498
ccdloadtest4844@gmail.com,554499
ccdloadtest4845@gmail.com,554500
ccdloadtest4846@gmail.com,554501
ccdloadtest4847@gmail.com,554502
ccdloadtest4848@gmail.com,554503
ccdloadtest4849@gmail.com,554504
ccdloadtest4850@gmail.com,554505
ccdloadtest4851@gmail.com,554506
ccdloadtest4852@gmail.com,554507
ccdloadtest4853@gmail.com,554508
ccdloadtest4854@gmail.com,554509
ccdloadtest4855@gmail.com,554510
ccdloadtest4856@gmail.com,554511
ccdloadtest4857@gmail.com,554512
ccdloadtest4858@gmail.com,554513
ccdloadtest4859@gmail.com,554514
ccdloadtest4860@gmail.com,554515
ccdloadtest4861@gmail.com,554516
ccdloadtest4862@gmail.com,554517
ccdloadtest4863@gmail.com,554518
ccdloadtest4864@gmail.com,554519
ccdloadtest4865@gmail.com,554520
ccdloadtest4866@gmail.com,554521
ccdloadtest4867@gmail.com,554522
ccdloadtest4868@gmail.com,554523
ccdloadtest4869@gmail.com,554524
ccdloadtest4870@gmail.com,554525
ccdloadtest4871@gmail.com,554526
ccdloadtest4872@gmail.com,554527
ccdloadtest4873@gmail.com,554528
ccdloadtest4874@gmail.com,554529
ccdloadtest4875@gmail.com,554530
ccdloadtest4876@gmail.com,554531
ccdloadtest4877@gmail.com,554532
ccdloadtest4878@gmail.com,554533
ccdloadtest4879@gmail.com,554534
ccdloadtest4880@gmail.com,554535
ccdloadtest4881@gmail.com,554536
ccdloadtest4882@gmail.com,554537
ccdloadtest4883@gmail.com,554538
ccdloadtest4884@gmail.com,554539
ccdloadtest4885@gmail.com,554540
ccdloadtest4886@gmail.com,554541
ccdloadtest4887@gmail.com,554542
ccdloadtest4888@gmail.com,554543
ccdloadtest4889@gmail.com,554544
ccdloadtest4890@gmail.com,554545
ccdloadtest4891@gmail.com,554546
ccdloadtest4892@gmail.com,554547
ccdloadtest4893@gmail.com,554548
ccdloadtest4894@gmail.com,554549
ccdloadtest4895@gmail.com,554550
ccdloadtest4896@gmail.com,554551
ccdloadtest4897@gmail.com,554552
ccdloadtest4898@gmail.com,554553
ccdloadtest4899@gmail.com,554554
ccdloadtest4900@gmail.com,554555
ccdloadtest4901@gmail.com,554556
ccdloadtest4902@gmail.com,554557
ccdloadtest4903@gmail.com,554558
ccdloadtest4904@gmail.com,554559
ccdloadtest4905@gmail.com,554560
ccdloadtest4906@gmail.com,554561
ccdloadtest4907@gmail.com,554562
ccdloadtest4908@gmail.com,554563
ccdloadtest4909@gmail.com,554564
ccdloadtest4910@gmail.com,554565
ccdloadtest4911@gmail.com,554566
ccdloadtest4912@gmail.com,554567
ccdloadtest4913@gmail.com,554568
ccdloadtest4914@gmail.com,554569
ccdloadtest4915@gmail.com,554570
ccdloadtest4916@gmail.com,554571
ccdloadtest4917@gmail.com,554572
ccdloadtest4918@gmail.com,554573
ccdloadtest4919@gmail.com,554574
ccdloadtest4920@gmail.com,554575
ccdloadtest4921@gmail.com,554576
ccdloadtest4922@gmail.com,554577
ccdloadtest4923@gmail.com,554578
ccdloadtest4924@gmail.com,554579
ccdloadtest4925@gmail.com,554580
ccdloadtest4926@gmail.com,554581
ccdloadtest4927@gmail.com,554582
ccdloadtest4928@gmail.com,554583
ccdloadtest4929@gmail.com,554584
ccdloadtest4930@gmail.com,554585
ccdloadtest4931@gmail.com,554586
ccdloadtest4932@gmail.com,554587
ccdloadtest4933@gmail.com,554588
ccdloadtest4934@gmail.com,554589
ccdloadtest4935@gmail.com,554590
ccdloadtest4936@gmail.com,554591
ccdloadtest4937@gmail.com,554592
ccdloadtest4938@gmail.com,554593
ccdloadtest4939@gmail.com,554594
ccdloadtest4940@gmail.com,554595
ccdloadtest4941@gmail.com,554596
ccdloadtest4942@gmail.com,554597
ccdloadtest4943@gmail.com,554598
ccdloadtest4944@gmail.com,554599
ccdloadtest4945@gmail.com,554600
ccdloadtest4946@gmail.com,554601
ccdloadtest4947@gmail.com,554602
ccdloadtest4948@gmail.com,554603
ccdloadtest4949@gmail.com,554604
ccdloadtest4950@gmail.com,554605
ccdloadtest4951@gmail.com,554606
ccdloadtest4952@gmail.com,554607
ccdloadtest4953@gmail.com,554608
ccdloadtest4954@gmail.com,554609
ccdloadtest4955@gmail.com,554610
ccdloadtest4956@gmail.com,554611
ccdloadtest4957@gmail.com,554612
ccdloadtest4958@gmail.com,554613
ccdloadtest4959@gmail.com,554614
ccdloadtest4960@gmail.com,554615
ccdloadtest4961@gmail.com,554616
ccdloadtest4962@gmail.com,554617
ccdloadtest4963@gmail.com,554618
ccdloadtest4964@gmail.com,554619
ccdloadtest4965@gmail.com,554620
ccdloadtest4966@gmail.com,554621
ccdloadtest4967@gmail.com,554622
ccdloadtest4968@gmail.com,554623
ccdloadtest4969@gmail.com,554624
ccdloadtest4970@gmail.com,554625
ccdloadtest4971@gmail.com,554626
ccdloadtest4972@gmail.com,554627
ccdloadtest4973@gmail.com,554628
ccdloadtest4974@gmail.com,554629
ccdloadtest4975@gmail.com,554630
ccdloadtest4976@gmail.com,554631
ccdloadtest4977@gmail.com,554632
ccdloadtest4978@gmail.com,554633
ccdloadtest4979@gmail.com,554634
ccdloadtest4980@gmail.com,554635
ccdloadtest4981@gmail.com,554636
ccdloadtest4982@gmail.com,554637
ccdloadtest4983@gmail.com,554638
ccdloadtest4984@gmail.com,554639
ccdloadtest4985@gmail.com,554640
ccdloadtest4986@gmail.com,554641
ccdloadtest4987@gmail.com,554642
ccdloadtest4988@gmail.com,554643
ccdloadtest4989@gmail.com,554644
ccdloadtest4990@gmail.com,554645
ccdloadtest4991@gmail.com,554646
ccdloadtest4992@gmail.com,554647
ccdloadtest4993@gmail.com,554648
ccdloadtest4994@gmail.com,554649
ccdloadtest4995@gmail.com,554650
ccdloadtest4996@gmail.com,554651
ccdloadtest4997@gmail.com,554652
ccdloadtest4998@gmail.com,554653
ccdloadtest4999@gmail.com,554654
ccdloadtest5000@gmail.com,554655
