CCDUserName,CCDUserPassword,Jurisdiction,CaseType
ccdloadtest1@gmail.com,Password12,DIVORCE,DIVORCE_ExceptionRecord
ccdloadtest102@gmail.com,Password12,DIVORCE,DIVORCE_ExceptionRecord
ccdloadtest103@gmail.com,Password12,DIVORCE,DIVORCE_ExceptionRecord
ccdloadtest104@gmail.com,Password12,DIVORCE,DIVORCE_ExceptionRecord
ccdloadtest105@gmail.com,Password12,DIVORCE,DIVORCE_ExceptionRecord
ccdloadtest106@gmail.com,Password12,DIVORCE,DIVORCE_ExceptionRecord
ccdloadtest107@gmail.com,Password12,DIVORCE,DIVORCE_ExceptionRecord
ccdloadtest108@gmail.com,Password12,DIVORCE,DIVORCE_ExceptionRecord
ccdloadtest109@gmail.com,Password12,DIVORCE,DIVORCE_ExceptionRecord
ccdloadtest110@gmail.com,Password12,DIVORCE,DIVORCE_ExceptionRecord
ccdloadtest111@gmail.com,Password12,DIVORCE,DIVORCE_ExceptionRecord
ccdloadtest112@gmail.com,Password12,DIVORCE,DIVORCE_ExceptionRecord
ccdloadtest113@gmail.com,Password12,DIVORCE,DIVORCE_ExceptionRecord
ccdloadtest114@gmail.com,Password12,DIVORCE,DIVORCE_ExceptionRecord
ccdloadtest115@gmail.com,Password12,DIVORCE,DIVORCE_ExceptionRecord
ccdloadtest116@gmail.com,Password12,DIVORCE,DIVORCE_ExceptionRecord
ccdloadtest117@gmail.com,Password12,DIVORCE,DIVORCE_ExceptionRecord
ccdloadtest118@gmail.com,Password12,DIVORCE,DIVORCE_ExceptionRecord
ccdloadtest119@gmail.com,Password12,DIVORCE,DIVORCE_ExceptionRecord
ccdloadtest120@gmail.com,Password12,DIVORCE,DIVORCE_ExceptionRecord
ccdloadtest121@gmail.com,Password12,DIVORCE,DIVORCE_ExceptionRecord
ccdloadtest122@gmail.com,Password12,DIVORCE,DIVORCE_ExceptionRecord
ccdloadtest123@gmail.com,Password12,DIVORCE,DIVORCE_ExceptionRecord
ccdloadtest124@gmail.com,Password12,DIVORCE,DIVORCE_ExceptionRecord
ccdloadtest125@gmail.com,Password12,DIVORCE,DIVORCE_ExceptionRecord
ccdloadtest126@gmail.com,Password12,DIVORCE,DIVORCE_ExceptionRecord
ccdloadtest127@gmail.com,Password12,DIVORCE,DIVORCE_ExceptionRecord
ccdloadtest128@gmail.com,Password12,DIVORCE,DIVORCE_ExceptionRecord
ccdloadtest129@gmail.com,Password12,DIVORCE,DIVORCE_ExceptionRecord
ccdloadtest130@gmail.com,Password12,DIVORCE,DIVORCE_ExceptionRecord
ccdloadtest131@gmail.com,Password12,DIVORCE,DIVORCE_ExceptionRecord
ccdloadtest132@gmail.com,Password12,DIVORCE,DIVORCE_ExceptionRecord
ccdloadtest133@gmail.com,Password12,DIVORCE,DIVORCE_ExceptionRecord
ccdloadtest134@gmail.com,Password12,DIVORCE,DIVORCE_ExceptionRecord
ccdloadtest135@gmail.com,Password12,DIVORCE,DIVORCE_ExceptionRecord
ccdloadtest136@gmail.com,Password12,DIVORCE,DIVORCE_ExceptionRecord
ccdloadtest137@gmail.com,Password12,DIVORCE,DIVORCE_ExceptionRecord
ccdloadtest138@gmail.com,Password12,DIVORCE,DIVORCE_ExceptionRecord
ccdloadtest139@gmail.com,Password12,DIVORCE,DIVORCE_ExceptionRecord
ccdloadtest140@gmail.com,Password12,DIVORCE,DIVORCE_ExceptionRecord
ccdloadtest141@gmail.com,Password12,DIVORCE,DIVORCE_ExceptionRecord
ccdloadtest142@gmail.com,Password12,DIVORCE,DIVORCE_ExceptionRecord
ccdloadtest143@gmail.com,Password12,DIVORCE,DIVORCE_ExceptionRecord
ccdloadtest144@gmail.com,Password12,DIVORCE,DIVORCE_ExceptionRecord
ccdloadtest145@gmail.com,Password12,DIVORCE,DIVORCE_ExceptionRecord
ccdloadtest146@gmail.com,Password12,DIVORCE,DIVORCE_ExceptionRecord
ccdloadtest147@gmail.com,Password12,DIVORCE,DIVORCE_ExceptionRecord
ccdloadtest148@gmail.com,Password12,DIVORCE,DIVORCE_ExceptionRecord
ccdloadtest149@gmail.com,Password12,DIVORCE,DIVORCE_ExceptionRecord
ccdloadtest150@gmail.com,Password12,DIVORCE,DIVORCE_ExceptionRecord
ccdloadtest151@gmail.com,Password12,DIVORCE,DIVORCE_ExceptionRecord
ccdloadtest152@gmail.com,Password12,DIVORCE,DIVORCE_ExceptionRecord
ccdloadtest153@gmail.com,Password12,DIVORCE,DIVORCE_ExceptionRecord
ccdloadtest154@gmail.com,Password12,DIVORCE,DIVORCE_ExceptionRecord
ccdloadtest155@gmail.com,Password12,DIVORCE,DIVORCE_ExceptionRecord
ccdloadtest156@gmail.com,Password12,DIVORCE,DIVORCE_ExceptionRecord
ccdloadtest157@gmail.com,Password12,DIVORCE,DIVORCE_ExceptionRecord
ccdloadtest158@gmail.com,Password12,DIVORCE,DIVORCE_ExceptionRecord
ccdloadtest159@gmail.com,Password12,DIVORCE,DIVORCE_ExceptionRecord
ccdloadtest160@gmail.com,Password12,DIVORCE,DIVORCE_ExceptionRecord
ccdloadtest161@gmail.com,Password12,DIVORCE,DIVORCE_ExceptionRecord
ccdloadtest162@gmail.com,Password12,DIVORCE,DIVORCE_ExceptionRecord
ccdloadtest163@gmail.com,Password12,DIVORCE,DIVORCE_ExceptionRecord
ccdloadtest164@gmail.com,Password12,DIVORCE,DIVORCE_ExceptionRecord
ccdloadtest165@gmail.com,Password12,DIVORCE,DIVORCE_ExceptionRecord
ccdloadtest166@gmail.com,Password12,DIVORCE,DIVORCE_ExceptionRecord
ccdloadtest167@gmail.com,Password12,DIVORCE,DIVORCE_ExceptionRecord
ccdloadtest168@gmail.com,Password12,DIVORCE,DIVORCE_ExceptionRecord
ccdloadtest169@gmail.com,Password12,DIVORCE,DIVORCE_ExceptionRecord
ccdloadtest170@gmail.com,Password12,DIVORCE,DIVORCE_ExceptionRecord
ccdloadtest171@gmail.com,Password12,DIVORCE,DIVORCE_ExceptionRecord
ccdloadtest172@gmail.com,Password12,DIVORCE,DIVORCE_ExceptionRecord
ccdloadtest173@gmail.com,Password12,DIVORCE,DIVORCE_ExceptionRecord
ccdloadtest174@gmail.com,Password12,DIVORCE,DIVORCE_ExceptionRecord
ccdloadtest175@gmail.com,Password12,DIVORCE,DIVORCE_ExceptionRecord
ccdloadtest176@gmail.com,Password12,DIVORCE,DIVORCE_ExceptionRecord
ccdloadtest177@gmail.com,Password12,DIVORCE,DIVORCE_ExceptionRecord
ccdloadtest178@gmail.com,Password12,DIVORCE,DIVORCE_ExceptionRecord
ccdloadtest179@gmail.com,Password12,DIVORCE,DIVORCE_ExceptionRecord
ccdloadtest180@gmail.com,Password12,DIVORCE,DIVORCE_ExceptionRecord
ccdloadtest181@gmail.com,Password12,DIVORCE,DIVORCE_ExceptionRecord
ccdloadtest182@gmail.com,Password12,DIVORCE,DIVORCE_ExceptionRecord
ccdloadtest183@gmail.com,Password12,DIVORCE,DIVORCE_ExceptionRecord
ccdloadtest184@gmail.com,Password12,DIVORCE,DIVORCE_ExceptionRecord
ccdloadtest185@gmail.com,Password12,DIVORCE,DIVORCE_ExceptionRecord
ccdloadtest186@gmail.com,Password12,DIVORCE,DIVORCE_ExceptionRecord
ccdloadtest187@gmail.com,Password12,DIVORCE,DIVORCE_ExceptionRecord
ccdloadtest188@gmail.com,Password12,DIVORCE,DIVORCE_ExceptionRecord
ccdloadtest189@gmail.com,Password12,DIVORCE,DIVORCE_ExceptionRecord
ccdloadtest190@gmail.com,Password12,DIVORCE,DIVORCE_ExceptionRecord
ccdloadtest191@gmail.com,Password12,DIVORCE,DIVORCE_ExceptionRecord
ccdloadtest192@gmail.com,Password12,DIVORCE,DIVORCE_ExceptionRecord
ccdloadtest193@gmail.com,Password12,DIVORCE,DIVORCE_ExceptionRecord
ccdloadtest194@gmail.com,Password12,DIVORCE,DIVORCE_ExceptionRecord
ccdloadtest195@gmail.com,Password12,DIVORCE,DIVORCE_ExceptionRecord
ccdloadtest196@gmail.com,Password12,DIVORCE,DIVORCE_ExceptionRecord
ccdloadtest197@gmail.com,Password12,DIVORCE,DIVORCE_ExceptionRecord
ccdloadtest198@gmail.com,Password12,DIVORCE,DIVORCE_ExceptionRecord
ccdloadtest199@gmail.com,Password12,DIVORCE,DIVORCE_ExceptionRecord
ccdloadtest200@gmail.com,Password12,DIVORCE,DIVORCE_ExceptionRecord
ccdloadtest201@gmail.com,Password12,DIVORCE,DIVORCE_ExceptionRecord
ccdloadtest202@gmail.com,Password12,DIVORCE,DIVORCE_ExceptionRecord
ccdloadtest203@gmail.com,Password12,DIVORCE,DIVORCE_ExceptionRecord
ccdloadtest204@gmail.com,Password12,DIVORCE,DIVORCE_ExceptionRecord
ccdloadtest205@gmail.com,Password12,DIVORCE,DIVORCE_ExceptionRecord
ccdloadtest206@gmail.com,Password12,DIVORCE,DIVORCE_ExceptionRecord
ccdloadtest207@gmail.com,Password12,DIVORCE,DIVORCE_ExceptionRecord
ccdloadtest208@gmail.com,Password12,DIVORCE,DIVORCE_ExceptionRecord
ccdloadtest209@gmail.com,Password12,DIVORCE,DIVORCE_ExceptionRecord
ccdloadtest210@gmail.com,Password12,DIVORCE,DIVORCE_ExceptionRecord
ccdloadtest211@gmail.com,Password12,DIVORCE,DIVORCE_ExceptionRecord
ccdloadtest212@gmail.com,Password12,DIVORCE,DIVORCE_ExceptionRecord
ccdloadtest213@gmail.com,Password12,DIVORCE,DIVORCE_ExceptionRecord
ccdloadtest214@gmail.com,Password12,DIVORCE,DIVORCE_ExceptionRecord
ccdloadtest215@gmail.com,Password12,DIVORCE,DIVORCE_ExceptionRecord
ccdloadtest216@gmail.com,Password12,DIVORCE,DIVORCE_ExceptionRecord
ccdloadtest217@gmail.com,Password12,DIVORCE,DIVORCE_ExceptionRecord
ccdloadtest218@gmail.com,Password12,DIVORCE,DIVORCE_ExceptionRecord
ccdloadtest219@gmail.com,Password12,DIVORCE,DIVORCE_ExceptionRecord
ccdloadtest220@gmail.com,Password12,DIVORCE,DIVORCE_ExceptionRecord
ccdloadtest221@gmail.com,Password12,DIVORCE,DIVORCE_ExceptionRecord
ccdloadtest222@gmail.com,Password12,DIVORCE,DIVORCE_ExceptionRecord
ccdloadtest223@gmail.com,Password12,DIVORCE,DIVORCE_ExceptionRecord
ccdloadtest224@gmail.com,Password12,DIVORCE,DIVORCE_ExceptionRecord
ccdloadtest225@gmail.com,Password12,DIVORCE,DIVORCE_ExceptionRecord
ccdloadtest226@gmail.com,Password12,DIVORCE,DIVORCE_ExceptionRecord
ccdloadtest227@gmail.com,Password12,DIVORCE,DIVORCE_ExceptionRecord
ccdloadtest228@gmail.com,Password12,DIVORCE,DIVORCE_ExceptionRecord
ccdloadtest229@gmail.com,Password12,DIVORCE,DIVORCE_ExceptionRecord
ccdloadtest230@gmail.com,Password12,DIVORCE,DIVORCE_ExceptionRecord
ccdloadtest231@gmail.com,Password12,DIVORCE,DIVORCE_ExceptionRecord
ccdloadtest232@gmail.com,Password12,DIVORCE,DIVORCE_ExceptionRecord
ccdloadtest233@gmail.com,Password12,DIVORCE,DIVORCE_ExceptionRecord
ccdloadtest234@gmail.com,Password12,DIVORCE,DIVORCE_ExceptionRecord
ccdloadtest235@gmail.com,Password12,DIVORCE,DIVORCE_ExceptionRecord
ccdloadtest236@gmail.com,Password12,DIVORCE,DIVORCE_ExceptionRecord
ccdloadtest237@gmail.com,Password12,DIVORCE,DIVORCE_ExceptionRecord
ccdloadtest238@gmail.com,Password12,DIVORCE,DIVORCE_ExceptionRecord
ccdloadtest239@gmail.com,Password12,DIVORCE,DIVORCE_ExceptionRecord
ccdloadtest240@gmail.com,Password12,DIVORCE,DIVORCE_ExceptionRecord
ccdloadtest241@gmail.com,Password12,DIVORCE,DIVORCE_ExceptionRecord
ccdloadtest242@gmail.com,Password12,DIVORCE,DIVORCE_ExceptionRecord
ccdloadtest243@gmail.com,Password12,DIVORCE,DIVORCE_ExceptionRecord
ccdloadtest244@gmail.com,Password12,DIVORCE,DIVORCE_ExceptionRecord
ccdloadtest245@gmail.com,Password12,DIVORCE,DIVORCE_ExceptionRecord
ccdloadtest246@gmail.com,Password12,DIVORCE,DIVORCE_ExceptionRecord
ccdloadtest247@gmail.com,Password12,DIVORCE,DIVORCE_ExceptionRecord
ccdloadtest248@gmail.com,Password12,DIVORCE,DIVORCE_ExceptionRecord
ccdloadtest249@gmail.com,Password12,DIVORCE,DIVORCE_ExceptionRecord
ccdloadtest250@gmail.com,Password12,DIVORCE,DIVORCE_ExceptionRecord
ccdloadtest251@gmail.com,Password12,DIVORCE,DIVORCE_ExceptionRecord
ccdloadtest252@gmail.com,Password12,DIVORCE,DIVORCE_ExceptionRecord
ccdloadtest253@gmail.com,Password12,DIVORCE,DIVORCE_ExceptionRecord
ccdloadtest254@gmail.com,Password12,DIVORCE,DIVORCE_ExceptionRecord
ccdloadtest255@gmail.com,Password12,DIVORCE,DIVORCE_ExceptionRecord
ccdloadtest256@gmail.com,Password12,DIVORCE,DIVORCE_ExceptionRecord
ccdloadtest257@gmail.com,Password12,DIVORCE,DIVORCE_ExceptionRecord
ccdloadtest258@gmail.com,Password12,DIVORCE,DIVORCE_ExceptionRecord
ccdloadtest259@gmail.com,Password12,DIVORCE,DIVORCE_ExceptionRecord
ccdloadtest260@gmail.com,Password12,DIVORCE,DIVORCE_ExceptionRecord
ccdloadtest261@gmail.com,Password12,DIVORCE,DIVORCE_ExceptionRecord
ccdloadtest262@gmail.com,Password12,DIVORCE,DIVORCE_ExceptionRecord
ccdloadtest263@gmail.com,Password12,DIVORCE,DIVORCE_ExceptionRecord
ccdloadtest264@gmail.com,Password12,DIVORCE,DIVORCE_ExceptionRecord
ccdloadtest265@gmail.com,Password12,DIVORCE,DIVORCE_ExceptionRecord
ccdloadtest266@gmail.com,Password12,DIVORCE,DIVORCE_ExceptionRecord
ccdloadtest267@gmail.com,Password12,DIVORCE,DIVORCE_ExceptionRecord
ccdloadtest268@gmail.com,Password12,DIVORCE,DIVORCE_ExceptionRecord
ccdloadtest269@gmail.com,Password12,DIVORCE,DIVORCE_ExceptionRecord
ccdloadtest270@gmail.com,Password12,DIVORCE,DIVORCE_ExceptionRecord
ccdloadtest271@gmail.com,Password12,DIVORCE,DIVORCE_ExceptionRecord
ccdloadtest272@gmail.com,Password12,DIVORCE,DIVORCE_ExceptionRecord
ccdloadtest273@gmail.com,Password12,DIVORCE,DIVORCE_ExceptionRecord
ccdloadtest274@gmail.com,Password12,DIVORCE,DIVORCE_ExceptionRecord
ccdloadtest275@gmail.com,Password12,DIVORCE,DIVORCE_ExceptionRecord
ccdloadtest276@gmail.com,Password12,DIVORCE,DIVORCE_ExceptionRecord
ccdloadtest277@gmail.com,Password12,DIVORCE,DIVORCE_ExceptionRecord
ccdloadtest278@gmail.com,Password12,DIVORCE,DIVORCE_ExceptionRecord
ccdloadtest279@gmail.com,Password12,DIVORCE,DIVORCE_ExceptionRecord
ccdloadtest280@gmail.com,Password12,DIVORCE,DIVORCE_ExceptionRecord
ccdloadtest281@gmail.com,Password12,DIVORCE,DIVORCE_ExceptionRecord
ccdloadtest282@gmail.com,Password12,DIVORCE,DIVORCE_ExceptionRecord
ccdloadtest283@gmail.com,Password12,DIVORCE,DIVORCE_ExceptionRecord
ccdloadtest284@gmail.com,Password12,DIVORCE,DIVORCE_ExceptionRecord
ccdloadtest285@gmail.com,Password12,DIVORCE,DIVORCE_ExceptionRecord
ccdloadtest286@gmail.com,Password12,DIVORCE,DIVORCE_ExceptionRecord
ccdloadtest287@gmail.com,Password12,DIVORCE,DIVORCE_ExceptionRecord
ccdloadtest288@gmail.com,Password12,DIVORCE,DIVORCE_ExceptionRecord
ccdloadtest289@gmail.com,Password12,DIVORCE,DIVORCE_ExceptionRecord
ccdloadtest290@gmail.com,Password12,DIVORCE,DIVORCE_ExceptionRecord
ccdloadtest291@gmail.com,Password12,DIVORCE,DIVORCE_ExceptionRecord
ccdloadtest292@gmail.com,Password12,DIVORCE,DIVORCE_ExceptionRecord
ccdloadtest293@gmail.com,Password12,DIVORCE,DIVORCE_ExceptionRecord
ccdloadtest294@gmail.com,Password12,DIVORCE,DIVORCE_ExceptionRecord
ccdloadtest295@gmail.com,Password12,DIVORCE,DIVORCE_ExceptionRecord
ccdloadtest296@gmail.com,Password12,DIVORCE,DIVORCE_ExceptionRecord
ccdloadtest297@gmail.com,Password12,DIVORCE,DIVORCE_ExceptionRecord
ccdloadtest298@gmail.com,Password12,DIVORCE,DIVORCE_ExceptionRecord
ccdloadtest299@gmail.com,Password12,DIVORCE,DIVORCE_ExceptionRecord
ccdloadtest300@gmail.com,Password12,DIVORCE,DIVORCE_ExceptionRecord
ccdloadtest301@gmail.com,Password12,DIVORCE,DIVORCE_ExceptionRecord
ccdloadtest302@gmail.com,Password12,DIVORCE,DIVORCE_ExceptionRecord
ccdloadtest303@gmail.com,Password12,DIVORCE,DIVORCE_ExceptionRecord
ccdloadtest304@gmail.com,Password12,DIVORCE,DIVORCE_ExceptionRecord
ccdloadtest305@gmail.com,Password12,DIVORCE,DIVORCE_ExceptionRecord
ccdloadtest306@gmail.com,Password12,DIVORCE,DIVORCE_ExceptionRecord
ccdloadtest307@gmail.com,Password12,DIVORCE,DIVORCE_ExceptionRecord
ccdloadtest308@gmail.com,Password12,DIVORCE,DIVORCE_ExceptionRecord
ccdloadtest309@gmail.com,Password12,DIVORCE,DIVORCE_ExceptionRecord
ccdloadtest310@gmail.com,Password12,DIVORCE,DIVORCE_ExceptionRecord
ccdloadtest311@gmail.com,Password12,DIVORCE,DIVORCE_ExceptionRecord
ccdloadtest312@gmail.com,Password12,DIVORCE,DIVORCE_ExceptionRecord
ccdloadtest313@gmail.com,Password12,DIVORCE,DIVORCE_ExceptionRecord
ccdloadtest314@gmail.com,Password12,DIVORCE,DIVORCE_ExceptionRecord
ccdloadtest315@gmail.com,Password12,DIVORCE,DIVORCE_ExceptionRecord
ccdloadtest316@gmail.com,Password12,DIVORCE,DIVORCE_ExceptionRecord
ccdloadtest317@gmail.com,Password12,DIVORCE,DIVORCE_ExceptionRecord
ccdloadtest318@gmail.com,Password12,DIVORCE,DIVORCE_ExceptionRecord
ccdloadtest319@gmail.com,Password12,DIVORCE,DIVORCE_ExceptionRecord
ccdloadtest320@gmail.com,Password12,DIVORCE,DIVORCE_ExceptionRecord
ccdloadtest321@gmail.com,Password12,DIVORCE,DIVORCE_ExceptionRecord
ccdloadtest322@gmail.com,Password12,DIVORCE,DIVORCE_ExceptionRecord
ccdloadtest323@gmail.com,Password12,DIVORCE,DIVORCE_ExceptionRecord
ccdloadtest324@gmail.com,Password12,DIVORCE,DIVORCE_ExceptionRecord
ccdloadtest325@gmail.com,Password12,DIVORCE,DIVORCE_ExceptionRecord
ccdloadtest326@gmail.com,Password12,DIVORCE,DIVORCE_ExceptionRecord
ccdloadtest327@gmail.com,Password12,DIVORCE,DIVORCE_ExceptionRecord
ccdloadtest328@gmail.com,Password12,DIVORCE,DIVORCE_ExceptionRecord
ccdloadtest329@gmail.com,Password12,DIVORCE,DIVORCE_ExceptionRecord
ccdloadtest330@gmail.com,Password12,DIVORCE,DIVORCE_ExceptionRecord
ccdloadtest331@gmail.com,Password12,DIVORCE,DIVORCE_ExceptionRecord
ccdloadtest332@gmail.com,Password12,DIVORCE,DIVORCE_ExceptionRecord
ccdloadtest333@gmail.com,Password12,DIVORCE,DIVORCE_ExceptionRecord
ccdloadtest334@gmail.com,Password12,DIVORCE,DIVORCE_ExceptionRecord
ccdloadtest335@gmail.com,Password12,DIVORCE,DIVORCE_ExceptionRecord
ccdloadtest336@gmail.com,Password12,DIVORCE,DIVORCE_ExceptionRecord
ccdloadtest337@gmail.com,Password12,DIVORCE,DIVORCE_ExceptionRecord
ccdloadtest338@gmail.com,Password12,DIVORCE,DIVORCE_ExceptionRecord
ccdloadtest339@gmail.com,Password12,DIVORCE,DIVORCE_ExceptionRecord
ccdloadtest340@gmail.com,Password12,DIVORCE,DIVORCE_ExceptionRecord
ccdloadtest341@gmail.com,Password12,DIVORCE,DIVORCE_ExceptionRecord
ccdloadtest342@gmail.com,Password12,DIVORCE,DIVORCE_ExceptionRecord
ccdloadtest343@gmail.com,Password12,DIVORCE,DIVORCE_ExceptionRecord
ccdloadtest344@gmail.com,Password12,DIVORCE,DIVORCE_ExceptionRecord
ccdloadtest345@gmail.com,Password12,DIVORCE,DIVORCE_ExceptionRecord
ccdloadtest346@gmail.com,Password12,DIVORCE,DIVORCE_ExceptionRecord
ccdloadtest347@gmail.com,Password12,DIVORCE,DIVORCE_ExceptionRecord
ccdloadtest348@gmail.com,Password12,DIVORCE,DIVORCE_ExceptionRecord
ccdloadtest349@gmail.com,Password12,DIVORCE,DIVORCE_ExceptionRecord
ccdloadtest350@gmail.com,Password12,DIVORCE,DIVORCE_ExceptionRecord
ccdloadtest351@gmail.com,Password12,DIVORCE,DIVORCE_ExceptionRecord
ccdloadtest352@gmail.com,Password12,DIVORCE,DIVORCE_ExceptionRecord
ccdloadtest353@gmail.com,Password12,DIVORCE,DIVORCE_ExceptionRecord
ccdloadtest354@gmail.com,Password12,DIVORCE,DIVORCE_ExceptionRecord
ccdloadtest355@gmail.com,Password12,DIVORCE,DIVORCE_ExceptionRecord
ccdloadtest356@gmail.com,Password12,DIVORCE,DIVORCE_ExceptionRecord
ccdloadtest357@gmail.com,Password12,DIVORCE,DIVORCE_ExceptionRecord
ccdloadtest358@gmail.com,Password12,DIVORCE,DIVORCE_ExceptionRecord
ccdloadtest359@gmail.com,Password12,DIVORCE,DIVORCE_ExceptionRecord
ccdloadtest360@gmail.com,Password12,DIVORCE,DIVORCE_ExceptionRecord
ccdloadtest361@gmail.com,Password12,DIVORCE,DIVORCE_ExceptionRecord
ccdloadtest362@gmail.com,Password12,DIVORCE,DIVORCE_ExceptionRecord
ccdloadtest363@gmail.com,Password12,DIVORCE,DIVORCE_ExceptionRecord
ccdloadtest364@gmail.com,Password12,DIVORCE,DIVORCE_ExceptionRecord
ccdloadtest365@gmail.com,Password12,DIVORCE,DIVORCE_ExceptionRecord
ccdloadtest366@gmail.com,Password12,DIVORCE,DIVORCE_ExceptionRecord
ccdloadtest367@gmail.com,Password12,DIVORCE,DIVORCE_ExceptionRecord
ccdloadtest368@gmail.com,Password12,DIVORCE,DIVORCE_ExceptionRecord
ccdloadtest369@gmail.com,Password12,DIVORCE,DIVORCE_ExceptionRecord
ccdloadtest370@gmail.com,Password12,DIVORCE,DIVORCE_ExceptionRecord
ccdloadtest371@gmail.com,Password12,DIVORCE,DIVORCE_ExceptionRecord
ccdloadtest372@gmail.com,Password12,DIVORCE,DIVORCE_ExceptionRecord
ccdloadtest373@gmail.com,Password12,DIVORCE,DIVORCE_ExceptionRecord
ccdloadtest374@gmail.com,Password12,DIVORCE,DIVORCE_ExceptionRecord
ccdloadtest375@gmail.com,Password12,DIVORCE,DIVORCE_ExceptionRecord
ccdloadtest376@gmail.com,Password12,DIVORCE,DIVORCE_ExceptionRecord
ccdloadtest377@gmail.com,Password12,DIVORCE,DIVORCE_ExceptionRecord
ccdloadtest378@gmail.com,Password12,DIVORCE,DIVORCE_ExceptionRecord
ccdloadtest379@gmail.com,Password12,DIVORCE,DIVORCE_ExceptionRecord
ccdloadtest380@gmail.com,Password12,DIVORCE,DIVORCE_ExceptionRecord
ccdloadtest381@gmail.com,Password12,DIVORCE,DIVORCE_ExceptionRecord
ccdloadtest382@gmail.com,Password12,DIVORCE,DIVORCE_ExceptionRecord
ccdloadtest383@gmail.com,Password12,DIVORCE,DIVORCE_ExceptionRecord
ccdloadtest384@gmail.com,Password12,DIVORCE,DIVORCE_ExceptionRecord
ccdloadtest385@gmail.com,Password12,DIVORCE,DIVORCE_ExceptionRecord
ccdloadtest386@gmail.com,Password12,DIVORCE,DIVORCE_ExceptionRecord
ccdloadtest387@gmail.com,Password12,DIVORCE,DIVORCE_ExceptionRecord
ccdloadtest388@gmail.com,Password12,DIVORCE,DIVORCE_ExceptionRecord
ccdloadtest389@gmail.com,Password12,DIVORCE,DIVORCE_ExceptionRecord
ccdloadtest390@gmail.com,Password12,DIVORCE,DIVORCE_ExceptionRecord
ccdloadtest391@gmail.com,Password12,DIVORCE,DIVORCE_ExceptionRecord
ccdloadtest392@gmail.com,Password12,DIVORCE,DIVORCE_ExceptionRecord
ccdloadtest393@gmail.com,Password12,DIVORCE,DIVORCE_ExceptionRecord
ccdloadtest394@gmail.com,Password12,DIVORCE,DIVORCE_ExceptionRecord
ccdloadtest395@gmail.com,Password12,DIVORCE,DIVORCE_ExceptionRecord
ccdloadtest396@gmail.com,Password12,DIVORCE,DIVORCE_ExceptionRecord
ccdloadtest397@gmail.com,Password12,DIVORCE,DIVORCE_ExceptionRecord
ccdloadtest398@gmail.com,Password12,DIVORCE,DIVORCE_ExceptionRecord
ccdloadtest399@gmail.com,Password12,DIVORCE,DIVORCE_ExceptionRecord
ccdloadtest400@gmail.com,Password12,DIVORCE,DIVORCE_ExceptionRecord
ccdloadtest401@gmail.com,Password12,DIVORCE,DIVORCE_ExceptionRecord
ccdloadtest402@gmail.com,Password12,DIVORCE,DIVORCE_ExceptionRecord
ccdloadtest403@gmail.com,Password12,DIVORCE,DIVORCE_ExceptionRecord
ccdloadtest404@gmail.com,Password12,DIVORCE,DIVORCE_ExceptionRecord
ccdloadtest405@gmail.com,Password12,DIVORCE,DIVORCE_ExceptionRecord
ccdloadtest406@gmail.com,Password12,DIVORCE,DIVORCE_ExceptionRecord
ccdloadtest407@gmail.com,Password12,DIVORCE,DIVORCE_ExceptionRecord
ccdloadtest408@gmail.com,Password12,DIVORCE,DIVORCE_ExceptionRecord
ccdloadtest409@gmail.com,Password12,DIVORCE,DIVORCE_ExceptionRecord
ccdloadtest410@gmail.com,Password12,DIVORCE,DIVORCE_ExceptionRecord
ccdloadtest411@gmail.com,Password12,DIVORCE,DIVORCE_ExceptionRecord
ccdloadtest412@gmail.com,Password12,DIVORCE,DIVORCE_ExceptionRecord
ccdloadtest413@gmail.com,Password12,DIVORCE,DIVORCE_ExceptionRecord
ccdloadtest414@gmail.com,Password12,DIVORCE,DIVORCE_ExceptionRecord
ccdloadtest415@gmail.com,Password12,DIVORCE,DIVORCE_ExceptionRecord
ccdloadtest416@gmail.com,Password12,DIVORCE,DIVORCE_ExceptionRecord
ccdloadtest417@gmail.com,Password12,DIVORCE,DIVORCE_ExceptionRecord
ccdloadtest418@gmail.com,Password12,DIVORCE,DIVORCE_ExceptionRecord
ccdloadtest419@gmail.com,Password12,DIVORCE,DIVORCE_ExceptionRecord
ccdloadtest420@gmail.com,Password12,DIVORCE,DIVORCE_ExceptionRecord
ccdloadtest421@gmail.com,Password12,DIVORCE,DIVORCE_ExceptionRecord
ccdloadtest422@gmail.com,Password12,DIVORCE,DIVORCE_ExceptionRecord
ccdloadtest423@gmail.com,Password12,DIVORCE,DIVORCE_ExceptionRecord
ccdloadtest424@gmail.com,Password12,DIVORCE,DIVORCE_ExceptionRecord
ccdloadtest425@gmail.com,Password12,DIVORCE,DIVORCE_ExceptionRecord
ccdloadtest426@gmail.com,Password12,DIVORCE,DIVORCE_ExceptionRecord
ccdloadtest427@gmail.com,Password12,DIVORCE,DIVORCE_ExceptionRecord
ccdloadtest428@gmail.com,Password12,DIVORCE,DIVORCE_ExceptionRecord
ccdloadtest429@gmail.com,Password12,DIVORCE,DIVORCE_ExceptionRecord
ccdloadtest430@gmail.com,Password12,DIVORCE,DIVORCE_ExceptionRecord
ccdloadtest431@gmail.com,Password12,DIVORCE,DIVORCE_ExceptionRecord
ccdloadtest432@gmail.com,Password12,DIVORCE,DIVORCE_ExceptionRecord
ccdloadtest433@gmail.com,Password12,DIVORCE,DIVORCE_ExceptionRecord
ccdloadtest434@gmail.com,Password12,DIVORCE,DIVORCE_ExceptionRecord
ccdloadtest435@gmail.com,Password12,DIVORCE,DIVORCE_ExceptionRecord
ccdloadtest436@gmail.com,Password12,DIVORCE,DIVORCE_ExceptionRecord
ccdloadtest437@gmail.com,Password12,DIVORCE,DIVORCE_ExceptionRecord
ccdloadtest438@gmail.com,Password12,DIVORCE,DIVORCE_ExceptionRecord
ccdloadtest439@gmail.com,Password12,DIVORCE,DIVORCE_ExceptionRecord
ccdloadtest440@gmail.com,Password12,DIVORCE,DIVORCE_ExceptionRecord
ccdloadtest441@gmail.com,Password12,DIVORCE,DIVORCE_ExceptionRecord
ccdloadtest442@gmail.com,Password12,DIVORCE,DIVORCE_ExceptionRecord
ccdloadtest443@gmail.com,Password12,DIVORCE,DIVORCE_ExceptionRecord
ccdloadtest444@gmail.com,Password12,DIVORCE,DIVORCE_ExceptionRecord
ccdloadtest445@gmail.com,Password12,DIVORCE,DIVORCE_ExceptionRecord
ccdloadtest446@gmail.com,Password12,DIVORCE,DIVORCE_ExceptionRecord
ccdloadtest447@gmail.com,Password12,DIVORCE,DIVORCE_ExceptionRecord
ccdloadtest448@gmail.com,Password12,DIVORCE,DIVORCE_ExceptionRecord
ccdloadtest449@gmail.com,Password12,DIVORCE,DIVORCE_ExceptionRecord
ccdloadtest450@gmail.com,Password12,DIVORCE,DIVORCE_ExceptionRecord
ccdloadtest451@gmail.com,Password12,DIVORCE,DIVORCE_ExceptionRecord
ccdloadtest452@gmail.com,Password12,DIVORCE,DIVORCE_ExceptionRecord
ccdloadtest453@gmail.com,Password12,DIVORCE,DIVORCE_ExceptionRecord
ccdloadtest454@gmail.com,Password12,DIVORCE,DIVORCE_ExceptionRecord
ccdloadtest455@gmail.com,Password12,DIVORCE,DIVORCE_ExceptionRecord
ccdloadtest456@gmail.com,Password12,DIVORCE,DIVORCE_ExceptionRecord
ccdloadtest457@gmail.com,Password12,DIVORCE,DIVORCE_ExceptionRecord
ccdloadtest458@gmail.com,Password12,DIVORCE,DIVORCE_ExceptionRecord
ccdloadtest459@gmail.com,Password12,DIVORCE,DIVORCE_ExceptionRecord
ccdloadtest460@gmail.com,Password12,DIVORCE,DIVORCE_ExceptionRecord
ccdloadtest461@gmail.com,Password12,DIVORCE,DIVORCE_ExceptionRecord
ccdloadtest462@gmail.com,Password12,DIVORCE,DIVORCE_ExceptionRecord
ccdloadtest463@gmail.com,Password12,DIVORCE,DIVORCE_ExceptionRecord
ccdloadtest464@gmail.com,Password12,DIVORCE,DIVORCE_ExceptionRecord
ccdloadtest465@gmail.com,Password12,DIVORCE,DIVORCE_ExceptionRecord
ccdloadtest466@gmail.com,Password12,DIVORCE,DIVORCE_ExceptionRecord
ccdloadtest467@gmail.com,Password12,DIVORCE,DIVORCE_ExceptionRecord
ccdloadtest468@gmail.com,Password12,DIVORCE,DIVORCE_ExceptionRecord
ccdloadtest469@gmail.com,Password12,DIVORCE,DIVORCE_ExceptionRecord
ccdloadtest470@gmail.com,Password12,DIVORCE,DIVORCE_ExceptionRecord
ccdloadtest471@gmail.com,Password12,DIVORCE,DIVORCE_ExceptionRecord
ccdloadtest472@gmail.com,Password12,DIVORCE,DIVORCE_ExceptionRecord
ccdloadtest473@gmail.com,Password12,DIVORCE,DIVORCE_ExceptionRecord
ccdloadtest474@gmail.com,Password12,DIVORCE,DIVORCE_ExceptionRecord
ccdloadtest475@gmail.com,Password12,DIVORCE,DIVORCE_ExceptionRecord
ccdloadtest476@gmail.com,Password12,DIVORCE,DIVORCE_ExceptionRecord
ccdloadtest477@gmail.com,Password12,DIVORCE,DIVORCE_ExceptionRecord
ccdloadtest478@gmail.com,Password12,DIVORCE,DIVORCE_ExceptionRecord
ccdloadtest479@gmail.com,Password12,DIVORCE,DIVORCE_ExceptionRecord
ccdloadtest480@gmail.com,Password12,DIVORCE,DIVORCE_ExceptionRecord
ccdloadtest481@gmail.com,Password12,DIVORCE,DIVORCE_ExceptionRecord
ccdloadtest482@gmail.com,Password12,DIVORCE,DIVORCE_ExceptionRecord
ccdloadtest483@gmail.com,Password12,DIVORCE,DIVORCE_ExceptionRecord
ccdloadtest484@gmail.com,Password12,DIVORCE,DIVORCE_ExceptionRecord
ccdloadtest485@gmail.com,Password12,DIVORCE,DIVORCE_ExceptionRecord
ccdloadtest486@gmail.com,Password12,DIVORCE,DIVORCE_ExceptionRecord
ccdloadtest487@gmail.com,Password12,DIVORCE,DIVORCE_ExceptionRecord
ccdloadtest488@gmail.com,Password12,DIVORCE,DIVORCE_ExceptionRecord
ccdloadtest489@gmail.com,Password12,DIVORCE,DIVORCE_ExceptionRecord
ccdloadtest490@gmail.com,Password12,DIVORCE,DIVORCE_ExceptionRecord
ccdloadtest491@gmail.com,Password12,DIVORCE,DIVORCE_ExceptionRecord
ccdloadtest492@gmail.com,Password12,DIVORCE,DIVORCE_ExceptionRecord
ccdloadtest493@gmail.com,Password12,DIVORCE,DIVORCE_ExceptionRecord
ccdloadtest494@gmail.com,Password12,DIVORCE,DIVORCE_ExceptionRecord
ccdloadtest495@gmail.com,Password12,DIVORCE,DIVORCE_ExceptionRecord
ccdloadtest496@gmail.com,Password12,DIVORCE,DIVORCE_ExceptionRecord
ccdloadtest497@gmail.com,Password12,DIVORCE,DIVORCE_ExceptionRecord
ccdloadtest498@gmail.com,Password12,DIVORCE,DIVORCE_ExceptionRecord
ccdloadtest499@gmail.com,Password12,DIVORCE,DIVORCE_ExceptionRecord
ccdloadtest500@gmail.com,Password12,DIVORCE,DIVORCE_ExceptionRecord
ccdloadtest601@gmail.com,Password12,DIVORCE,DIVORCE_ExceptionRecord
ccdloadtest602@gmail.com,Password12,DIVORCE,DIVORCE_ExceptionRecord
ccdloadtest603@gmail.com,Password12,DIVORCE,DIVORCE_ExceptionRecord
ccdloadtest604@gmail.com,Password12,DIVORCE,DIVORCE_ExceptionRecord
ccdloadtest605@gmail.com,Password12,DIVORCE,DIVORCE_ExceptionRecord
ccdloadtest606@gmail.com,Password12,DIVORCE,DIVORCE_ExceptionRecord
ccdloadtest607@gmail.com,Password12,DIVORCE,DIVORCE_ExceptionRecord
ccdloadtest608@gmail.com,Password12,DIVORCE,DIVORCE_ExceptionRecord
ccdloadtest609@gmail.com,Password12,DIVORCE,DIVORCE_ExceptionRecord
ccdloadtest610@gmail.com,Password12,DIVORCE,DIVORCE_ExceptionRecord
ccdloadtest611@gmail.com,Password12,DIVORCE,DIVORCE_ExceptionRecord
ccdloadtest612@gmail.com,Password12,DIVORCE,DIVORCE_ExceptionRecord
ccdloadtest613@gmail.com,Password12,DIVORCE,DIVORCE_ExceptionRecord
ccdloadtest614@gmail.com,Password12,DIVORCE,DIVORCE_ExceptionRecord
ccdloadtest615@gmail.com,Password12,DIVORCE,DIVORCE_ExceptionRecord
ccdloadtest616@gmail.com,Password12,DIVORCE,DIVORCE_ExceptionRecord
ccdloadtest617@gmail.com,Password12,DIVORCE,DIVORCE_ExceptionRecord
ccdloadtest618@gmail.com,Password12,DIVORCE,DIVORCE_ExceptionRecord
ccdloadtest619@gmail.com,Password12,DIVORCE,DIVORCE_ExceptionRecord
ccdloadtest620@gmail.com,Password12,DIVORCE,DIVORCE_ExceptionRecord
ccdloadtest621@gmail.com,Password12,DIVORCE,DIVORCE_ExceptionRecord
ccdloadtest622@gmail.com,Password12,DIVORCE,DIVORCE_ExceptionRecord
ccdloadtest623@gmail.com,Password12,DIVORCE,DIVORCE_ExceptionRecord
ccdloadtest624@gmail.com,Password12,DIVORCE,DIVORCE_ExceptionRecord
ccdloadtest625@gmail.com,Password12,DIVORCE,DIVORCE_ExceptionRecord
ccdloadtest626@gmail.com,Password12,DIVORCE,DIVORCE_ExceptionRecord
ccdloadtest627@gmail.com,Password12,DIVORCE,DIVORCE_ExceptionRecord
ccdloadtest628@gmail.com,Password12,DIVORCE,DIVORCE_ExceptionRecord
ccdloadtest629@gmail.com,Password12,DIVORCE,DIVORCE_ExceptionRecord
ccdloadtest630@gmail.com,Password12,DIVORCE,DIVORCE_ExceptionRecord
ccdloadtest631@gmail.com,Password12,DIVORCE,DIVORCE_ExceptionRecord
ccdloadtest632@gmail.com,Password12,DIVORCE,DIVORCE_ExceptionRecord
ccdloadtest633@gmail.com,Password12,DIVORCE,DIVORCE_ExceptionRecord
ccdloadtest634@gmail.com,Password12,DIVORCE,DIVORCE_ExceptionRecord
ccdloadtest635@gmail.com,Password12,DIVORCE,DIVORCE_ExceptionRecord
ccdloadtest636@gmail.com,Password12,DIVORCE,DIVORCE_ExceptionRecord
ccdloadtest637@gmail.com,Password12,DIVORCE,DIVORCE_ExceptionRecord
ccdloadtest638@gmail.com,Password12,DIVORCE,DIVORCE_ExceptionRecord
ccdloadtest639@gmail.com,Password12,DIVORCE,DIVORCE_ExceptionRecord
ccdloadtest640@gmail.com,Password12,DIVORCE,DIVORCE_ExceptionRecord
ccdloadtest641@gmail.com,Password12,DIVORCE,DIVORCE_ExceptionRecord
ccdloadtest642@gmail.com,Password12,DIVORCE,DIVORCE_ExceptionRecord
ccdloadtest643@gmail.com,Password12,DIVORCE,DIVORCE_ExceptionRecord
ccdloadtest644@gmail.com,Password12,DIVORCE,DIVORCE_ExceptionRecord
ccdloadtest645@gmail.com,Password12,DIVORCE,DIVORCE_ExceptionRecord
ccdloadtest646@gmail.com,Password12,DIVORCE,DIVORCE_ExceptionRecord
ccdloadtest647@gmail.com,Password12,DIVORCE,DIVORCE_ExceptionRecord
ccdloadtest648@gmail.com,Password12,DIVORCE,DIVORCE_ExceptionRecord
ccdloadtest649@gmail.com,Password12,DIVORCE,DIVORCE_ExceptionRecord
ccdloadtest650@gmail.com,Password12,DIVORCE,DIVORCE_ExceptionRecord
ccdloadtest651@gmail.com,Password12,DIVORCE,DIVORCE_ExceptionRecord
ccdloadtest652@gmail.com,Password12,DIVORCE,DIVORCE_ExceptionRecord
ccdloadtest653@gmail.com,Password12,DIVORCE,DIVORCE_ExceptionRecord
ccdloadtest654@gmail.com,Password12,DIVORCE,DIVORCE_ExceptionRecord
ccdloadtest655@gmail.com,Password12,DIVORCE,DIVORCE_ExceptionRecord
ccdloadtest656@gmail.com,Password12,DIVORCE,DIVORCE_ExceptionRecord
ccdloadtest657@gmail.com,Password12,DIVORCE,DIVORCE_ExceptionRecord
ccdloadtest658@gmail.com,Password12,DIVORCE,DIVORCE_ExceptionRecord
ccdloadtest659@gmail.com,Password12,DIVORCE,DIVORCE_ExceptionRecord
ccdloadtest660@gmail.com,Password12,DIVORCE,DIVORCE_ExceptionRecord
ccdloadtest661@gmail.com,Password12,DIVORCE,DIVORCE_ExceptionRecord
ccdloadtest662@gmail.com,Password12,DIVORCE,DIVORCE_ExceptionRecord
ccdloadtest663@gmail.com,Password12,DIVORCE,DIVORCE_ExceptionRecord
ccdloadtest664@gmail.com,Password12,DIVORCE,DIVORCE_ExceptionRecord
ccdloadtest665@gmail.com,Password12,DIVORCE,DIVORCE_ExceptionRecord
ccdloadtest666@gmail.com,Password12,DIVORCE,DIVORCE_ExceptionRecord
ccdloadtest667@gmail.com,Password12,DIVORCE,DIVORCE_ExceptionRecord
ccdloadtest668@gmail.com,Password12,DIVORCE,DIVORCE_ExceptionRecord
ccdloadtest669@gmail.com,Password12,DIVORCE,DIVORCE_ExceptionRecord
ccdloadtest670@gmail.com,Password12,DIVORCE,DIVORCE_ExceptionRecord
ccdloadtest671@gmail.com,Password12,DIVORCE,DIVORCE_ExceptionRecord
ccdloadtest672@gmail.com,Password12,DIVORCE,DIVORCE_ExceptionRecord
ccdloadtest673@gmail.com,Password12,DIVORCE,DIVORCE_ExceptionRecord
ccdloadtest674@gmail.com,Password12,DIVORCE,DIVORCE_ExceptionRecord
ccdloadtest675@gmail.com,Password12,DIVORCE,DIVORCE_ExceptionRecord
ccdloadtest676@gmail.com,Password12,DIVORCE,DIVORCE_ExceptionRecord
ccdloadtest677@gmail.com,Password12,DIVORCE,DIVORCE_ExceptionRecord
ccdloadtest678@gmail.com,Password12,DIVORCE,DIVORCE_ExceptionRecord
ccdloadtest679@gmail.com,Password12,DIVORCE,DIVORCE_ExceptionRecord
ccdloadtest680@gmail.com,Password12,DIVORCE,DIVORCE_ExceptionRecord
ccdloadtest681@gmail.com,Password12,DIVORCE,DIVORCE_ExceptionRecord
ccdloadtest682@gmail.com,Password12,DIVORCE,DIVORCE_ExceptionRecord
ccdloadtest683@gmail.com,Password12,DIVORCE,DIVORCE_ExceptionRecord
ccdloadtest684@gmail.com,Password12,DIVORCE,DIVORCE_ExceptionRecord
ccdloadtest685@gmail.com,Password12,DIVORCE,DIVORCE_ExceptionRecord
ccdloadtest686@gmail.com,Password12,DIVORCE,DIVORCE_ExceptionRecord
ccdloadtest687@gmail.com,Password12,DIVORCE,DIVORCE_ExceptionRecord
ccdloadtest688@gmail.com,Password12,DIVORCE,DIVORCE_ExceptionRecord
ccdloadtest689@gmail.com,Password12,DIVORCE,DIVORCE_ExceptionRecord
ccdloadtest690@gmail.com,Password12,DIVORCE,DIVORCE_ExceptionRecord
ccdloadtest691@gmail.com,Password12,DIVORCE,DIVORCE_ExceptionRecord
ccdloadtest692@gmail.com,Password12,DIVORCE,DIVORCE_ExceptionRecord
ccdloadtest693@gmail.com,Password12,DIVORCE,DIVORCE_ExceptionRecord
ccdloadtest694@gmail.com,Password12,DIVORCE,DIVORCE_ExceptionRecord
ccdloadtest695@gmail.com,Password12,DIVORCE,DIVORCE_ExceptionRecord
ccdloadtest696@gmail.com,Password12,DIVORCE,DIVORCE_ExceptionRecord
ccdloadtest697@gmail.com,Password12,DIVORCE,DIVORCE_ExceptionRecord
ccdloadtest698@gmail.com,Password12,DIVORCE,DIVORCE_ExceptionRecord
ccdloadtest699@gmail.com,Password12,DIVORCE,DIVORCE_ExceptionRecord
ccdloadtest700@gmail.com,Password12,DIVORCE,DIVORCE_ExceptionRecord
ccdloadtest701@gmail.com,Password12,DIVORCE,DIVORCE_ExceptionRecord
ccdloadtest702@gmail.com,Password12,DIVORCE,DIVORCE_ExceptionRecord
ccdloadtest703@gmail.com,Password12,DIVORCE,DIVORCE_ExceptionRecord
ccdloadtest704@gmail.com,Password12,DIVORCE,DIVORCE_ExceptionRecord
ccdloadtest705@gmail.com,Password12,DIVORCE,DIVORCE_ExceptionRecord
ccdloadtest706@gmail.com,Password12,DIVORCE,DIVORCE_ExceptionRecord
ccdloadtest707@gmail.com,Password12,DIVORCE,DIVORCE_ExceptionRecord
ccdloadtest708@gmail.com,Password12,DIVORCE,DIVORCE_ExceptionRecord
ccdloadtest709@gmail.com,Password12,DIVORCE,DIVORCE_ExceptionRecord
ccdloadtest710@gmail.com,Password12,DIVORCE,DIVORCE_ExceptionRecord
ccdloadtest711@gmail.com,Password12,DIVORCE,DIVORCE_ExceptionRecord
ccdloadtest712@gmail.com,Password12,DIVORCE,DIVORCE_ExceptionRecord
ccdloadtest713@gmail.com,Password12,DIVORCE,DIVORCE_ExceptionRecord
ccdloadtest714@gmail.com,Password12,DIVORCE,DIVORCE_ExceptionRecord
ccdloadtest715@gmail.com,Password12,DIVORCE,DIVORCE_ExceptionRecord
ccdloadtest716@gmail.com,Password12,DIVORCE,DIVORCE_ExceptionRecord
ccdloadtest717@gmail.com,Password12,DIVORCE,DIVORCE_ExceptionRecord
ccdloadtest718@gmail.com,Password12,DIVORCE,DIVORCE_ExceptionRecord
ccdloadtest719@gmail.com,Password12,DIVORCE,DIVORCE_ExceptionRecord
ccdloadtest720@gmail.com,Password12,DIVORCE,DIVORCE_ExceptionRecord
ccdloadtest721@gmail.com,Password12,DIVORCE,DIVORCE_ExceptionRecord
ccdloadtest722@gmail.com,Password12,DIVORCE,DIVORCE_ExceptionRecord
ccdloadtest723@gmail.com,Password12,DIVORCE,DIVORCE_ExceptionRecord
ccdloadtest724@gmail.com,Password12,DIVORCE,DIVORCE_ExceptionRecord
ccdloadtest725@gmail.com,Password12,DIVORCE,DIVORCE_ExceptionRecord
ccdloadtest726@gmail.com,Password12,DIVORCE,DIVORCE_ExceptionRecord
ccdloadtest727@gmail.com,Password12,DIVORCE,DIVORCE_ExceptionRecord
ccdloadtest728@gmail.com,Password12,DIVORCE,DIVORCE_ExceptionRecord
ccdloadtest729@gmail.com,Password12,DIVORCE,DIVORCE_ExceptionRecord
ccdloadtest730@gmail.com,Password12,DIVORCE,DIVORCE_ExceptionRecord
ccdloadtest731@gmail.com,Password12,DIVORCE,DIVORCE_ExceptionRecord
ccdloadtest732@gmail.com,Password12,DIVORCE,DIVORCE_ExceptionRecord
ccdloadtest733@gmail.com,Password12,DIVORCE,DIVORCE_ExceptionRecord
ccdloadtest734@gmail.com,Password12,DIVORCE,DIVORCE_ExceptionRecord
ccdloadtest735@gmail.com,Password12,DIVORCE,DIVORCE_ExceptionRecord
ccdloadtest736@gmail.com,Password12,DIVORCE,DIVORCE_ExceptionRecord
ccdloadtest737@gmail.com,Password12,DIVORCE,DIVORCE_ExceptionRecord
ccdloadtest738@gmail.com,Password12,DIVORCE,DIVORCE_ExceptionRecord
ccdloadtest739@gmail.com,Password12,DIVORCE,DIVORCE_ExceptionRecord
ccdloadtest740@gmail.com,Password12,DIVORCE,DIVORCE_ExceptionRecord
ccdloadtest741@gmail.com,Password12,DIVORCE,DIVORCE_ExceptionRecord
ccdloadtest742@gmail.com,Password12,DIVORCE,DIVORCE_ExceptionRecord
ccdloadtest743@gmail.com,Password12,DIVORCE,DIVORCE_ExceptionRecord
ccdloadtest744@gmail.com,Password12,DIVORCE,DIVORCE_ExceptionRecord
ccdloadtest745@gmail.com,Password12,DIVORCE,DIVORCE_ExceptionRecord
ccdloadtest746@gmail.com,Password12,DIVORCE,DIVORCE_ExceptionRecord
ccdloadtest747@gmail.com,Password12,DIVORCE,DIVORCE_ExceptionRecord
ccdloadtest748@gmail.com,Password12,DIVORCE,DIVORCE_ExceptionRecord
ccdloadtest749@gmail.com,Password12,DIVORCE,DIVORCE_ExceptionRecord
ccdloadtest750@gmail.com,Password12,DIVORCE,DIVORCE_ExceptionRecord
ccdloadtest751@gmail.com,Password12,DIVORCE,DIVORCE_ExceptionRecord
ccdloadtest752@gmail.com,Password12,DIVORCE,DIVORCE_ExceptionRecord
ccdloadtest753@gmail.com,Password12,DIVORCE,DIVORCE_ExceptionRecord
ccdloadtest754@gmail.com,Password12,DIVORCE,DIVORCE_ExceptionRecord
ccdloadtest755@gmail.com,Password12,DIVORCE,DIVORCE_ExceptionRecord
ccdloadtest756@gmail.com,Password12,DIVORCE,DIVORCE_ExceptionRecord
ccdloadtest757@gmail.com,Password12,DIVORCE,DIVORCE_ExceptionRecord
ccdloadtest758@gmail.com,Password12,DIVORCE,DIVORCE_ExceptionRecord
ccdloadtest759@gmail.com,Password12,DIVORCE,DIVORCE_ExceptionRecord
ccdloadtest760@gmail.com,Password12,DIVORCE,DIVORCE_ExceptionRecord
ccdloadtest761@gmail.com,Password12,DIVORCE,DIVORCE_ExceptionRecord
ccdloadtest762@gmail.com,Password12,DIVORCE,DIVORCE_ExceptionRecord
ccdloadtest763@gmail.com,Password12,DIVORCE,DIVORCE_ExceptionRecord
ccdloadtest764@gmail.com,Password12,DIVORCE,DIVORCE_ExceptionRecord
ccdloadtest765@gmail.com,Password12,DIVORCE,DIVORCE_ExceptionRecord
ccdloadtest766@gmail.com,Password12,DIVORCE,DIVORCE_ExceptionRecord
ccdloadtest767@gmail.com,Password12,DIVORCE,DIVORCE_ExceptionRecord
ccdloadtest768@gmail.com,Password12,DIVORCE,DIVORCE_ExceptionRecord
ccdloadtest769@gmail.com,Password12,DIVORCE,DIVORCE_ExceptionRecord
ccdloadtest770@gmail.com,Password12,DIVORCE,DIVORCE_ExceptionRecord
ccdloadtest771@gmail.com,Password12,DIVORCE,DIVORCE_ExceptionRecord
ccdloadtest772@gmail.com,Password12,DIVORCE,DIVORCE_ExceptionRecord
ccdloadtest773@gmail.com,Password12,DIVORCE,DIVORCE_ExceptionRecord
ccdloadtest774@gmail.com,Password12,DIVORCE,DIVORCE_ExceptionRecord
ccdloadtest775@gmail.com,Password12,DIVORCE,DIVORCE_ExceptionRecord
ccdloadtest776@gmail.com,Password12,DIVORCE,DIVORCE_ExceptionRecord
ccdloadtest777@gmail.com,Password12,DIVORCE,DIVORCE_ExceptionRecord
ccdloadtest778@gmail.com,Password12,DIVORCE,DIVORCE_ExceptionRecord
ccdloadtest779@gmail.com,Password12,DIVORCE,DIVORCE_ExceptionRecord
ccdloadtest780@gmail.com,Password12,DIVORCE,DIVORCE_ExceptionRecord
ccdloadtest781@gmail.com,Password12,DIVORCE,DIVORCE_ExceptionRecord
ccdloadtest782@gmail.com,Password12,DIVORCE,DIVORCE_ExceptionRecord
ccdloadtest783@gmail.com,Password12,DIVORCE,DIVORCE_ExceptionRecord
ccdloadtest784@gmail.com,Password12,DIVORCE,DIVORCE_ExceptionRecord
ccdloadtest785@gmail.com,Password12,DIVORCE,DIVORCE_ExceptionRecord
ccdloadtest786@gmail.com,Password12,DIVORCE,DIVORCE_ExceptionRecord
ccdloadtest787@gmail.com,Password12,DIVORCE,DIVORCE_ExceptionRecord
ccdloadtest788@gmail.com,Password12,DIVORCE,DIVORCE_ExceptionRecord
ccdloadtest789@gmail.com,Password12,DIVORCE,DIVORCE_ExceptionRecord
ccdloadtest790@gmail.com,Password12,DIVORCE,DIVORCE_ExceptionRecord
ccdloadtest791@gmail.com,Password12,DIVORCE,DIVORCE_ExceptionRecord
ccdloadtest792@gmail.com,Password12,DIVORCE,DIVORCE_ExceptionRecord
ccdloadtest793@gmail.com,Password12,DIVORCE,DIVORCE_ExceptionRecord
ccdloadtest794@gmail.com,Password12,DIVORCE,DIVORCE_ExceptionRecord
ccdloadtest795@gmail.com,Password12,DIVORCE,DIVORCE_ExceptionRecord
ccdloadtest796@gmail.com,Password12,DIVORCE,DIVORCE_ExceptionRecord
ccdloadtest797@gmail.com,Password12,DIVORCE,DIVORCE_ExceptionRecord
ccdloadtest798@gmail.com,Password12,DIVORCE,DIVORCE_ExceptionRecord
ccdloadtest799@gmail.com,Password12,DIVORCE,DIVORCE_ExceptionRecord
ccdloadtest800@gmail.com,Password12,DIVORCE,DIVORCE_ExceptionRecord
ccdloadtest801@gmail.com,Password12,DIVORCE,DIVORCE_ExceptionRecord
ccdloadtest802@gmail.com,Password12,DIVORCE,DIVORCE_ExceptionRecord
ccdloadtest803@gmail.com,Password12,DIVORCE,DIVORCE_ExceptionRecord
ccdloadtest804@gmail.com,Password12,DIVORCE,DIVORCE_ExceptionRecord
ccdloadtest805@gmail.com,Password12,DIVORCE,DIVORCE_ExceptionRecord
ccdloadtest806@gmail.com,Password12,DIVORCE,DIVORCE_ExceptionRecord
ccdloadtest807@gmail.com,Password12,DIVORCE,DIVORCE_ExceptionRecord
ccdloadtest808@gmail.com,Password12,DIVORCE,DIVORCE_ExceptionRecord
ccdloadtest809@gmail.com,Password12,DIVORCE,DIVORCE_ExceptionRecord
ccdloadtest810@gmail.com,Password12,DIVORCE,DIVORCE_ExceptionRecord
ccdloadtest811@gmail.com,Password12,DIVORCE,DIVORCE_ExceptionRecord
ccdloadtest812@gmail.com,Password12,DIVORCE,DIVORCE_ExceptionRecord
ccdloadtest813@gmail.com,Password12,DIVORCE,DIVORCE_ExceptionRecord
ccdloadtest814@gmail.com,Password12,DIVORCE,DIVORCE_ExceptionRecord
ccdloadtest815@gmail.com,Password12,DIVORCE,DIVORCE_ExceptionRecord
ccdloadtest816@gmail.com,Password12,DIVORCE,DIVORCE_ExceptionRecord
ccdloadtest817@gmail.com,Password12,DIVORCE,DIVORCE_ExceptionRecord
ccdloadtest818@gmail.com,Password12,DIVORCE,DIVORCE_ExceptionRecord
ccdloadtest819@gmail.com,Password12,DIVORCE,DIVORCE_ExceptionRecord
ccdloadtest820@gmail.com,Password12,DIVORCE,DIVORCE_ExceptionRecord
ccdloadtest821@gmail.com,Password12,DIVORCE,DIVORCE_ExceptionRecord
ccdloadtest822@gmail.com,Password12,DIVORCE,DIVORCE_ExceptionRecord
ccdloadtest823@gmail.com,Password12,DIVORCE,DIVORCE_ExceptionRecord
ccdloadtest824@gmail.com,Password12,DIVORCE,DIVORCE_ExceptionRecord
ccdloadtest825@gmail.com,Password12,DIVORCE,DIVORCE_ExceptionRecord
ccdloadtest826@gmail.com,Password12,DIVORCE,DIVORCE_ExceptionRecord
ccdloadtest827@gmail.com,Password12,DIVORCE,DIVORCE_ExceptionRecord
ccdloadtest828@gmail.com,Password12,DIVORCE,DIVORCE_ExceptionRecord
ccdloadtest829@gmail.com,Password12,DIVORCE,DIVORCE_ExceptionRecord
ccdloadtest830@gmail.com,Password12,DIVORCE,DIVORCE_ExceptionRecord
ccdloadtest831@gmail.com,Password12,DIVORCE,DIVORCE_ExceptionRecord
ccdloadtest832@gmail.com,Password12,DIVORCE,DIVORCE_ExceptionRecord
ccdloadtest833@gmail.com,Password12,DIVORCE,DIVORCE_ExceptionRecord
ccdloadtest834@gmail.com,Password12,DIVORCE,DIVORCE_ExceptionRecord
ccdloadtest835@gmail.com,Password12,DIVORCE,DIVORCE_ExceptionRecord
ccdloadtest836@gmail.com,Password12,DIVORCE,DIVORCE_ExceptionRecord
ccdloadtest837@gmail.com,Password12,DIVORCE,DIVORCE_ExceptionRecord
ccdloadtest838@gmail.com,Password12,DIVORCE,DIVORCE_ExceptionRecord
ccdloadtest839@gmail.com,Password12,DIVORCE,DIVORCE_ExceptionRecord
ccdloadtest840@gmail.com,Password12,DIVORCE,DIVORCE_ExceptionRecord
ccdloadtest841@gmail.com,Password12,DIVORCE,DIVORCE_ExceptionRecord
ccdloadtest842@gmail.com,Password12,DIVORCE,DIVORCE_ExceptionRecord
ccdloadtest843@gmail.com,Password12,DIVORCE,DIVORCE_ExceptionRecord
ccdloadtest844@gmail.com,Password12,DIVORCE,DIVORCE_ExceptionRecord
ccdloadtest845@gmail.com,Password12,DIVORCE,DIVORCE_ExceptionRecord
ccdloadtest846@gmail.com,Password12,DIVORCE,DIVORCE_ExceptionRecord
ccdloadtest847@gmail.com,Password12,DIVORCE,DIVORCE_ExceptionRecord
ccdloadtest848@gmail.com,Password12,DIVORCE,DIVORCE_ExceptionRecord
ccdloadtest849@gmail.com,Password12,DIVORCE,DIVORCE_ExceptionRecord
ccdloadtest850@gmail.com,Password12,DIVORCE,DIVORCE_ExceptionRecord
ccdloadtest851@gmail.com,Password12,DIVORCE,DIVORCE_ExceptionRecord
ccdloadtest852@gmail.com,Password12,DIVORCE,DIVORCE_ExceptionRecord
ccdloadtest853@gmail.com,Password12,DIVORCE,DIVORCE_ExceptionRecord
ccdloadtest854@gmail.com,Password12,DIVORCE,DIVORCE_ExceptionRecord
ccdloadtest855@gmail.com,Password12,DIVORCE,DIVORCE_ExceptionRecord
ccdloadtest856@gmail.com,Password12,DIVORCE,DIVORCE_ExceptionRecord
ccdloadtest857@gmail.com,Password12,DIVORCE,DIVORCE_ExceptionRecord
ccdloadtest858@gmail.com,Password12,DIVORCE,DIVORCE_ExceptionRecord
ccdloadtest859@gmail.com,Password12,DIVORCE,DIVORCE_ExceptionRecord
ccdloadtest860@gmail.com,Password12,DIVORCE,DIVORCE_ExceptionRecord
ccdloadtest861@gmail.com,Password12,DIVORCE,DIVORCE_ExceptionRecord
ccdloadtest862@gmail.com,Password12,DIVORCE,DIVORCE_ExceptionRecord
ccdloadtest863@gmail.com,Password12,DIVORCE,DIVORCE_ExceptionRecord
ccdloadtest864@gmail.com,Password12,DIVORCE,DIVORCE_ExceptionRecord
ccdloadtest865@gmail.com,Password12,DIVORCE,DIVORCE_ExceptionRecord
ccdloadtest866@gmail.com,Password12,DIVORCE,DIVORCE_ExceptionRecord
ccdloadtest867@gmail.com,Password12,DIVORCE,DIVORCE_ExceptionRecord
ccdloadtest868@gmail.com,Password12,DIVORCE,DIVORCE_ExceptionRecord
ccdloadtest869@gmail.com,Password12,DIVORCE,DIVORCE_ExceptionRecord
ccdloadtest870@gmail.com,Password12,DIVORCE,DIVORCE_ExceptionRecord
ccdloadtest871@gmail.com,Password12,DIVORCE,DIVORCE_ExceptionRecord
ccdloadtest872@gmail.com,Password12,DIVORCE,DIVORCE_ExceptionRecord
ccdloadtest873@gmail.com,Password12,DIVORCE,DIVORCE_ExceptionRecord
ccdloadtest874@gmail.com,Password12,DIVORCE,DIVORCE_ExceptionRecord
ccdloadtest875@gmail.com,Password12,DIVORCE,DIVORCE_ExceptionRecord
ccdloadtest876@gmail.com,Password12,DIVORCE,DIVORCE_ExceptionRecord
ccdloadtest877@gmail.com,Password12,DIVORCE,DIVORCE_ExceptionRecord
ccdloadtest878@gmail.com,Password12,DIVORCE,DIVORCE_ExceptionRecord
ccdloadtest879@gmail.com,Password12,DIVORCE,DIVORCE_ExceptionRecord
ccdloadtest880@gmail.com,Password12,DIVORCE,DIVORCE_ExceptionRecord
ccdloadtest881@gmail.com,Password12,DIVORCE,DIVORCE_ExceptionRecord
ccdloadtest882@gmail.com,Password12,DIVORCE,DIVORCE_ExceptionRecord
ccdloadtest883@gmail.com,Password12,DIVORCE,DIVORCE_ExceptionRecord
ccdloadtest884@gmail.com,Password12,DIVORCE,DIVORCE_ExceptionRecord
ccdloadtest885@gmail.com,Password12,DIVORCE,DIVORCE_ExceptionRecord
ccdloadtest886@gmail.com,Password12,DIVORCE,DIVORCE_ExceptionRecord
ccdloadtest887@gmail.com,Password12,DIVORCE,DIVORCE_ExceptionRecord
ccdloadtest888@gmail.com,Password12,DIVORCE,DIVORCE_ExceptionRecord
ccdloadtest889@gmail.com,Password12,DIVORCE,DIVORCE_ExceptionRecord
ccdloadtest890@gmail.com,Password12,DIVORCE,DIVORCE_ExceptionRecord
ccdloadtest891@gmail.com,Password12,DIVORCE,DIVORCE_ExceptionRecord
ccdloadtest892@gmail.com,Password12,DIVORCE,DIVORCE_ExceptionRecord
ccdloadtest893@gmail.com,Password12,DIVORCE,DIVORCE_ExceptionRecord
ccdloadtest894@gmail.com,Password12,DIVORCE,DIVORCE_ExceptionRecord
ccdloadtest895@gmail.com,Password12,DIVORCE,DIVORCE_ExceptionRecord
ccdloadtest896@gmail.com,Password12,DIVORCE,DIVORCE_ExceptionRecord
ccdloadtest897@gmail.com,Password12,DIVORCE,DIVORCE_ExceptionRecord
ccdloadtest898@gmail.com,Password12,DIVORCE,DIVORCE_ExceptionRecord
ccdloadtest899@gmail.com,Password12,DIVORCE,DIVORCE_ExceptionRecord
ccdloadtest900@gmail.com,Password12,DIVORCE,DIVORCE_ExceptionRecord
ccdloadtest901@gmail.com,Password12,DIVORCE,DIVORCE_ExceptionRecord
ccdloadtest902@gmail.com,Password12,DIVORCE,DIVORCE_ExceptionRecord
ccdloadtest903@gmail.com,Password12,DIVORCE,DIVORCE_ExceptionRecord
ccdloadtest904@gmail.com,Password12,DIVORCE,DIVORCE_ExceptionRecord
ccdloadtest905@gmail.com,Password12,DIVORCE,DIVORCE_ExceptionRecord
ccdloadtest906@gmail.com,Password12,DIVORCE,DIVORCE_ExceptionRecord
ccdloadtest907@gmail.com,Password12,DIVORCE,DIVORCE_ExceptionRecord
ccdloadtest908@gmail.com,Password12,DIVORCE,DIVORCE_ExceptionRecord
ccdloadtest909@gmail.com,Password12,DIVORCE,DIVORCE_ExceptionRecord
ccdloadtest910@gmail.com,Password12,DIVORCE,DIVORCE_ExceptionRecord
ccdloadtest911@gmail.com,Password12,DIVORCE,DIVORCE_ExceptionRecord
ccdloadtest912@gmail.com,Password12,DIVORCE,DIVORCE_ExceptionRecord
ccdloadtest913@gmail.com,Password12,DIVORCE,DIVORCE_ExceptionRecord
ccdloadtest914@gmail.com,Password12,DIVORCE,DIVORCE_ExceptionRecord
ccdloadtest915@gmail.com,Password12,DIVORCE,DIVORCE_ExceptionRecord
ccdloadtest916@gmail.com,Password12,DIVORCE,DIVORCE_ExceptionRecord
ccdloadtest917@gmail.com,Password12,DIVORCE,DIVORCE_ExceptionRecord
ccdloadtest918@gmail.com,Password12,DIVORCE,DIVORCE_ExceptionRecord
ccdloadtest919@gmail.com,Password12,DIVORCE,DIVORCE_ExceptionRecord
ccdloadtest920@gmail.com,Password12,DIVORCE,DIVORCE_ExceptionRecord
ccdloadtest921@gmail.com,Password12,DIVORCE,DIVORCE_ExceptionRecord
ccdloadtest922@gmail.com,Password12,DIVORCE,DIVORCE_ExceptionRecord
ccdloadtest923@gmail.com,Password12,DIVORCE,DIVORCE_ExceptionRecord
ccdloadtest924@gmail.com,Password12,DIVORCE,DIVORCE_ExceptionRecord
ccdloadtest925@gmail.com,Password12,DIVORCE,DIVORCE_ExceptionRecord
ccdloadtest926@gmail.com,Password12,DIVORCE,DIVORCE_ExceptionRecord
ccdloadtest927@gmail.com,Password12,DIVORCE,DIVORCE_ExceptionRecord
ccdloadtest928@gmail.com,Password12,DIVORCE,DIVORCE_ExceptionRecord
ccdloadtest929@gmail.com,Password12,DIVORCE,DIVORCE_ExceptionRecord
ccdloadtest930@gmail.com,Password12,DIVORCE,DIVORCE_ExceptionRecord
ccdloadtest931@gmail.com,Password12,DIVORCE,DIVORCE_ExceptionRecord
ccdloadtest932@gmail.com,Password12,DIVORCE,DIVORCE_ExceptionRecord
ccdloadtest933@gmail.com,Password12,DIVORCE,DIVORCE_ExceptionRecord
ccdloadtest934@gmail.com,Password12,DIVORCE,DIVORCE_ExceptionRecord
ccdloadtest935@gmail.com,Password12,DIVORCE,DIVORCE_ExceptionRecord
ccdloadtest936@gmail.com,Password12,DIVORCE,DIVORCE_ExceptionRecord
ccdloadtest937@gmail.com,Password12,DIVORCE,DIVORCE_ExceptionRecord
ccdloadtest938@gmail.com,Password12,DIVORCE,DIVORCE_ExceptionRecord
ccdloadtest939@gmail.com,Password12,DIVORCE,DIVORCE_ExceptionRecord
ccdloadtest940@gmail.com,Password12,DIVORCE,DIVORCE_ExceptionRecord
ccdloadtest941@gmail.com,Password12,DIVORCE,DIVORCE_ExceptionRecord
ccdloadtest942@gmail.com,Password12,DIVORCE,DIVORCE_ExceptionRecord
ccdloadtest943@gmail.com,Password12,DIVORCE,DIVORCE_ExceptionRecord
ccdloadtest944@gmail.com,Password12,DIVORCE,DIVORCE_ExceptionRecord
ccdloadtest945@gmail.com,Password12,DIVORCE,DIVORCE_ExceptionRecord
ccdloadtest946@gmail.com,Password12,DIVORCE,DIVORCE_ExceptionRecord
ccdloadtest947@gmail.com,Password12,DIVORCE,DIVORCE_ExceptionRecord
ccdloadtest948@gmail.com,Password12,DIVORCE,DIVORCE_ExceptionRecord
ccdloadtest949@gmail.com,Password12,DIVORCE,DIVORCE_ExceptionRecord
ccdloadtest950@gmail.com,Password12,DIVORCE,DIVORCE_ExceptionRecord
ccdloadtest951@gmail.com,Password12,DIVORCE,DIVORCE_ExceptionRecord
ccdloadtest952@gmail.com,Password12,DIVORCE,DIVORCE_ExceptionRecord
ccdloadtest953@gmail.com,Password12,DIVORCE,DIVORCE_ExceptionRecord
ccdloadtest954@gmail.com,Password12,DIVORCE,DIVORCE_ExceptionRecord
ccdloadtest955@gmail.com,Password12,DIVORCE,DIVORCE_ExceptionRecord
ccdloadtest956@gmail.com,Password12,DIVORCE,DIVORCE_ExceptionRecord
ccdloadtest957@gmail.com,Password12,DIVORCE,DIVORCE_ExceptionRecord
ccdloadtest958@gmail.com,Password12,DIVORCE,DIVORCE_ExceptionRecord
ccdloadtest959@gmail.com,Password12,DIVORCE,DIVORCE_ExceptionRecord
ccdloadtest960@gmail.com,Password12,DIVORCE,DIVORCE_ExceptionRecord
ccdloadtest961@gmail.com,Password12,DIVORCE,DIVORCE_ExceptionRecord
ccdloadtest962@gmail.com,Password12,DIVORCE,DIVORCE_ExceptionRecord
ccdloadtest963@gmail.com,Password12,DIVORCE,DIVORCE_ExceptionRecord
ccdloadtest964@gmail.com,Password12,DIVORCE,DIVORCE_ExceptionRecord
ccdloadtest965@gmail.com,Password12,DIVORCE,DIVORCE_ExceptionRecord
ccdloadtest966@gmail.com,Password12,DIVORCE,DIVORCE_ExceptionRecord
ccdloadtest967@gmail.com,Password12,DIVORCE,DIVORCE_ExceptionRecord
ccdloadtest968@gmail.com,Password12,DIVORCE,DIVORCE_ExceptionRecord
ccdloadtest969@gmail.com,Password12,DIVORCE,DIVORCE_ExceptionRecord
ccdloadtest970@gmail.com,Password12,DIVORCE,DIVORCE_ExceptionRecord
ccdloadtest971@gmail.com,Password12,DIVORCE,DIVORCE_ExceptionRecord
ccdloadtest972@gmail.com,Password12,DIVORCE,DIVORCE_ExceptionRecord
ccdloadtest973@gmail.com,Password12,DIVORCE,DIVORCE_ExceptionRecord
ccdloadtest974@gmail.com,Password12,DIVORCE,DIVORCE_ExceptionRecord
ccdloadtest975@gmail.com,Password12,DIVORCE,DIVORCE_ExceptionRecord
ccdloadtest976@gmail.com,Password12,DIVORCE,DIVORCE_ExceptionRecord
ccdloadtest977@gmail.com,Password12,DIVORCE,DIVORCE_ExceptionRecord
ccdloadtest978@gmail.com,Password12,DIVORCE,DIVORCE_ExceptionRecord
ccdloadtest979@gmail.com,Password12,DIVORCE,DIVORCE_ExceptionRecord
ccdloadtest980@gmail.com,Password12,DIVORCE,DIVORCE_ExceptionRecord
ccdloadtest981@gmail.com,Password12,DIVORCE,DIVORCE_ExceptionRecord
ccdloadtest982@gmail.com,Password12,DIVORCE,DIVORCE_ExceptionRecord
ccdloadtest983@gmail.com,Password12,DIVORCE,DIVORCE_ExceptionRecord
ccdloadtest984@gmail.com,Password12,DIVORCE,DIVORCE_ExceptionRecord
ccdloadtest985@gmail.com,Password12,DIVORCE,DIVORCE_ExceptionRecord
ccdloadtest986@gmail.com,Password12,DIVORCE,DIVORCE_ExceptionRecord
ccdloadtest987@gmail.com,Password12,DIVORCE,DIVORCE_ExceptionRecord
ccdloadtest988@gmail.com,Password12,DIVORCE,DIVORCE_ExceptionRecord
ccdloadtest989@gmail.com,Password12,DIVORCE,DIVORCE_ExceptionRecord
ccdloadtest990@gmail.com,Password12,DIVORCE,DIVORCE_ExceptionRecord
ccdloadtest991@gmail.com,Password12,DIVORCE,DIVORCE_ExceptionRecord
ccdloadtest992@gmail.com,Password12,DIVORCE,DIVORCE_ExceptionRecord
ccdloadtest993@gmail.com,Password12,DIVORCE,DIVORCE_ExceptionRecord
ccdloadtest994@gmail.com,Password12,DIVORCE,DIVORCE_ExceptionRecord
ccdloadtest995@gmail.com,Password12,DIVORCE,DIVORCE_ExceptionRecord
ccdloadtest996@gmail.com,Password12,DIVORCE,DIVORCE_ExceptionRecord
ccdloadtest997@gmail.com,Password12,DIVORCE,DIVORCE_ExceptionRecord
ccdloadtest998@gmail.com,Password12,DIVORCE,DIVORCE_ExceptionRecord
ccdloadtest999@gmail.com,Password12,DIVORCE,DIVORCE_ExceptionRecord