CMCUserName,CMCUserPassword,CMCJurisdiction,CMCCaseType
ccdloadtest1@gmail.com,Password12,CMC,MoneyClaimCase
ccdloadtest2@gmail.com,Password12,CMC,MoneyClaimCase
ccdloadtest3@gmail.com,Password12,CMC,MoneyClaimCase
ccdloadtest4@gmail.com,Password12,CMC,MoneyClaimCase
ccdloadtest5@gmail.com,Password12,CMC,MoneyClaimCase
ccdloadtest6@gmail.com,Password12,CMC,MoneyClaimCase
ccdloadtest7@gmail.com,Password12,CMC,MoneyClaimCase
ccdloadtest8@gmail.com,Password12,CMC,MoneyClaimCase
ccdloadtest9@gmail.com,Password12,CMC,MoneyClaimCase
ccdloadtest10@gmail.com,Password12,CMC,MoneyClaimCase
ccdloadtest11@gmail.com,Password12,CMC,MoneyClaimCase
ccdloadtest12@gmail.com,Password12,CMC,MoneyClaimCase
ccdloadtest13@gmail.com,Password12,CMC,MoneyClaimCase
ccdloadtest14@gmail.com,Password12,CMC,MoneyClaimCase
ccdloadtest15@gmail.com,Password12,CMC,MoneyClaimCase
ccdloadtest16@gmail.com,Password12,CMC,MoneyClaimCase
ccdloadtest17@gmail.com,Password12,CMC,MoneyClaimCase
ccdloadtest18@gmail.com,Password12,CMC,MoneyClaimCase
ccdloadtest19@gmail.com,Password12,CMC,MoneyClaimCase
ccdloadtest20@gmail.com,Password12,CMC,MoneyClaimCase
ccdloadtest21@gmail.com,Password12,CMC,MoneyClaimCase
ccdloadtest22@gmail.com,Password12,CMC,MoneyClaimCase
ccdloadtest23@gmail.com,Password12,CMC,MoneyClaimCase
ccdloadtest24@gmail.com,Password12,CMC,MoneyClaimCase
ccdloadtest25@gmail.com,Password12,CMC,MoneyClaimCase
ccdloadtest26@gmail.com,Password12,CMC,MoneyClaimCase
ccdloadtest27@gmail.com,Password12,CMC,MoneyClaimCase
ccdloadtest28@gmail.com,Password12,CMC,MoneyClaimCase
ccdloadtest29@gmail.com,Password12,CMC,MoneyClaimCase
ccdloadtest30@gmail.com,Password12,CMC,MoneyClaimCase
ccdloadtest31@gmail.com,Password12,CMC,MoneyClaimCase
ccdloadtest32@gmail.com,Password12,CMC,MoneyClaimCase
ccdloadtest33@gmail.com,Password12,CMC,MoneyClaimCase
ccdloadtest34@gmail.com,Password12,CMC,MoneyClaimCase
ccdloadtest35@gmail.com,Password12,CMC,MoneyClaimCase
ccdloadtest36@gmail.com,Password12,CMC,MoneyClaimCase
ccdloadtest37@gmail.com,Password12,CMC,MoneyClaimCase
ccdloadtest38@gmail.com,Password12,CMC,MoneyClaimCase
ccdloadtest39@gmail.com,Password12,CMC,MoneyClaimCase
ccdloadtest40@gmail.com,Password12,CMC,MoneyClaimCase
ccdloadtest41@gmail.com,Password12,CMC,MoneyClaimCase
ccdloadtest42@gmail.com,Password12,CMC,MoneyClaimCase
ccdloadtest43@gmail.com,Password12,CMC,MoneyClaimCase
ccdloadtest44@gmail.com,Password12,CMC,MoneyClaimCase
ccdloadtest45@gmail.com,Password12,CMC,MoneyClaimCase
ccdloadtest46@gmail.com,Password12,CMC,MoneyClaimCase
ccdloadtest47@gmail.com,Password12,CMC,MoneyClaimCase
ccdloadtest48@gmail.com,Password12,CMC,MoneyClaimCase
ccdloadtest49@gmail.com,Password12,CMC,MoneyClaimCase
ccdloadtest50@gmail.com,Password12,CMC,MoneyClaimCase
ccdloadtest51@gmail.com,Password12,CMC,MoneyClaimCase
ccdloadtest52@gmail.com,Password12,CMC,MoneyClaimCase
ccdloadtest53@gmail.com,Password12,CMC,MoneyClaimCase
ccdloadtest54@gmail.com,Password12,CMC,MoneyClaimCase
ccdloadtest55@gmail.com,Password12,CMC,MoneyClaimCase
ccdloadtest56@gmail.com,Password12,CMC,MoneyClaimCase
ccdloadtest57@gmail.com,Password12,CMC,MoneyClaimCase
ccdloadtest58@gmail.com,Password12,CMC,MoneyClaimCase
ccdloadtest59@gmail.com,Password12,CMC,MoneyClaimCase
ccdloadtest60@gmail.com,Password12,CMC,MoneyClaimCase
ccdloadtest61@gmail.com,Password12,CMC,MoneyClaimCase
ccdloadtest62@gmail.com,Password12,CMC,MoneyClaimCase
ccdloadtest63@gmail.com,Password12,CMC,MoneyClaimCase
ccdloadtest64@gmail.com,Password12,CMC,MoneyClaimCase
ccdloadtest65@gmail.com,Password12,CMC,MoneyClaimCase
ccdloadtest66@gmail.com,Password12,CMC,MoneyClaimCase
ccdloadtest67@gmail.com,Password12,CMC,MoneyClaimCase
ccdloadtest68@gmail.com,Password12,CMC,MoneyClaimCase
ccdloadtest69@gmail.com,Password12,CMC,MoneyClaimCase
ccdloadtest70@gmail.com,Password12,CMC,MoneyClaimCase
ccdloadtest71@gmail.com,Password12,CMC,MoneyClaimCase
ccdloadtest72@gmail.com,Password12,CMC,MoneyClaimCase
ccdloadtest73@gmail.com,Password12,CMC,MoneyClaimCase
ccdloadtest74@gmail.com,Password12,CMC,MoneyClaimCase
ccdloadtest75@gmail.com,Password12,CMC,MoneyClaimCase
ccdloadtest76@gmail.com,Password12,CMC,MoneyClaimCase
ccdloadtest77@gmail.com,Password12,CMC,MoneyClaimCase
ccdloadtest78@gmail.com,Password12,CMC,MoneyClaimCase
ccdloadtest79@gmail.com,Password12,CMC,MoneyClaimCase
ccdloadtest80@gmail.com,Password12,CMC,MoneyClaimCase
ccdloadtest81@gmail.com,Password12,CMC,MoneyClaimCase
ccdloadtest82@gmail.com,Password12,CMC,MoneyClaimCase
ccdloadtest83@gmail.com,Password12,CMC,MoneyClaimCase
ccdloadtest84@gmail.com,Password12,CMC,MoneyClaimCase
ccdloadtest85@gmail.com,Password12,CMC,MoneyClaimCase
ccdloadtest86@gmail.com,Password12,CMC,MoneyClaimCase
ccdloadtest87@gmail.com,Password12,CMC,MoneyClaimCase
ccdloadtest88@gmail.com,Password12,CMC,MoneyClaimCase
ccdloadtest89@gmail.com,Password12,CMC,MoneyClaimCase
ccdloadtest90@gmail.com,Password12,CMC,MoneyClaimCase
ccdloadtest91@gmail.com,Password12,CMC,MoneyClaimCase
ccdloadtest92@gmail.com,Password12,CMC,MoneyClaimCase
ccdloadtest93@gmail.com,Password12,CMC,MoneyClaimCase
ccdloadtest94@gmail.com,Password12,CMC,MoneyClaimCase
ccdloadtest95@gmail.com,Password12,CMC,MoneyClaimCase
ccdloadtest96@gmail.com,Password12,CMC,MoneyClaimCase
ccdloadtest97@gmail.com,Password12,CMC,MoneyClaimCase
ccdloadtest98@gmail.com,Password12,CMC,MoneyClaimCase
ccdloadtest99@gmail.com,Password12,CMC,MoneyClaimCase
ccdloadtest100@gmail.com,Password12,CMC,MoneyClaimCase
ccdloadtest101@gmail.com,Password12,CMC,MoneyClaimCase
ccdloadtest102@gmail.com,Password12,CMC,MoneyClaimCase
ccdloadtest103@gmail.com,Password12,CMC,MoneyClaimCase
ccdloadtest104@gmail.com,Password12,CMC,MoneyClaimCase
ccdloadtest105@gmail.com,Password12,CMC,MoneyClaimCase
ccdloadtest106@gmail.com,Password12,CMC,MoneyClaimCase
ccdloadtest107@gmail.com,Password12,CMC,MoneyClaimCase
ccdloadtest108@gmail.com,Password12,CMC,MoneyClaimCase
ccdloadtest109@gmail.com,Password12,CMC,MoneyClaimCase
ccdloadtest110@gmail.com,Password12,CMC,MoneyClaimCase
ccdloadtest111@gmail.com,Password12,CMC,MoneyClaimCase
ccdloadtest112@gmail.com,Password12,CMC,MoneyClaimCase
ccdloadtest113@gmail.com,Password12,CMC,MoneyClaimCase
ccdloadtest114@gmail.com,Password12,CMC,MoneyClaimCase
ccdloadtest115@gmail.com,Password12,CMC,MoneyClaimCase
ccdloadtest116@gmail.com,Password12,CMC,MoneyClaimCase
ccdloadtest117@gmail.com,Password12,CMC,MoneyClaimCase
ccdloadtest118@gmail.com,Password12,CMC,MoneyClaimCase
ccdloadtest119@gmail.com,Password12,CMC,MoneyClaimCase
ccdloadtest120@gmail.com,Password12,CMC,MoneyClaimCase
ccdloadtest121@gmail.com,Password12,CMC,MoneyClaimCase
ccdloadtest122@gmail.com,Password12,CMC,MoneyClaimCase
ccdloadtest123@gmail.com,Password12,CMC,MoneyClaimCase
ccdloadtest124@gmail.com,Password12,CMC,MoneyClaimCase
ccdloadtest125@gmail.com,Password12,CMC,MoneyClaimCase
ccdloadtest126@gmail.com,Password12,CMC,MoneyClaimCase
ccdloadtest127@gmail.com,Password12,CMC,MoneyClaimCase
ccdloadtest128@gmail.com,Password12,CMC,MoneyClaimCase
ccdloadtest129@gmail.com,Password12,CMC,MoneyClaimCase
ccdloadtest130@gmail.com,Password12,CMC,MoneyClaimCase
ccdloadtest131@gmail.com,Password12,CMC,MoneyClaimCase
ccdloadtest132@gmail.com,Password12,CMC,MoneyClaimCase
ccdloadtest133@gmail.com,Password12,CMC,MoneyClaimCase
ccdloadtest134@gmail.com,Password12,CMC,MoneyClaimCase
ccdloadtest135@gmail.com,Password12,CMC,MoneyClaimCase
ccdloadtest136@gmail.com,Password12,CMC,MoneyClaimCase
ccdloadtest137@gmail.com,Password12,CMC,MoneyClaimCase
ccdloadtest138@gmail.com,Password12,CMC,MoneyClaimCase
ccdloadtest139@gmail.com,Password12,CMC,MoneyClaimCase
ccdloadtest140@gmail.com,Password12,CMC,MoneyClaimCase
ccdloadtest141@gmail.com,Password12,CMC,MoneyClaimCase
ccdloadtest142@gmail.com,Password12,CMC,MoneyClaimCase
ccdloadtest143@gmail.com,Password12,CMC,MoneyClaimCase
ccdloadtest144@gmail.com,Password12,CMC,MoneyClaimCase
ccdloadtest145@gmail.com,Password12,CMC,MoneyClaimCase
ccdloadtest146@gmail.com,Password12,CMC,MoneyClaimCase
ccdloadtest147@gmail.com,Password12,CMC,MoneyClaimCase
ccdloadtest148@gmail.com,Password12,CMC,MoneyClaimCase
ccdloadtest149@gmail.com,Password12,CMC,MoneyClaimCase
ccdloadtest150@gmail.com,Password12,CMC,MoneyClaimCase