DivorceUserName,DivorceUserPassword,DVJurisdiction,DVCaseType,idamId,orgName,orgId
pforgdiv-02bu5-user0@mailinator.com,Pass19word,DIVORCE,DIVORCE,3232db33-7a02-4959-b9df-3bdaa044f707,pforgdiv-02bu5,UFMCNVI
pforgdiv-031u9-user0@mailinator.com,Pass19word,DIVORCE,DIVORCE,75fb6410-7b05-46c8-8b4c-1c5e9ef31dbe,pforgdiv-031u9,XAX0MN3
pforgdiv-08mk1-user0@mailinator.com,Pass19word,DIVORCE,DIVORCE,732331bb-36dc-4471-acea-6e4b5e4260d3,pforgdiv-08mk1,R7N346C
pforgdiv-0joz8-user0@mailinator.com,Pass19word,DIVORCE,DIVORCE,e4f9ba23-8943-4910-b4fb-9c8b42a6a64d,pforgdiv-0joz8,QFNB888
pforgdiv-0nmqq-user0@mailinator.com,Pass19word,DIVORCE,DIVORCE,63674638-4968-4b03-ac45-c2a76e9d46c0,pforgdiv-0nmqq,HSUP9KB
pforgdiv-0u6rb-user0@mailinator.com,Pass19word,DIVORCE,DIVORCE,305150e8-e236-4c9c-9c01-bc5171721b6c,pforgdiv-0u6rb,RZPULVM
pforgdiv-109s5-user0@mailinator.com,Pass19word,DIVORCE,DIVORCE,f738b5fa-1ad8-4090-8940-fa23a11c4f00,pforgdiv-109s5,G0XP0GZ
pforgdiv-15znc-user0@mailinator.com,Pass19word,DIVORCE,DIVORCE,9b9f2854-1bbf-44cb-888b-6020cdea343c,pforgdiv-15znc,XTAQQ97
pforgdiv-18haj-user0@mailinator.com,Pass19word,DIVORCE,DIVORCE,ee01b492-9a93-45f7-b25f-00fd5fbb599d,pforgdiv-18haj,MV9NUK0
pforgdiv-1hgkl-user0@mailinator.com,Pass19word,DIVORCE,DIVORCE,1b84b19d-277d-43b0-be08-3fb5f5f583a9,pforgdiv-1hgkl,B1LI9UK
pforgdiv-1j9j7-user0@mailinator.com,Pass19word,DIVORCE,DIVORCE,4258db83-c75d-408a-b9aa-edad33339bb2,pforgdiv-1j9j7,FDCH0VD
pforgdiv-1lfoc-user0@mailinator.com,Pass19word,DIVORCE,DIVORCE,7193e726-665f-43ae-907b-add4b2125280,pforgdiv-1lfoc,3OPQZVD
pforgdiv-1n1lc-user0@mailinator.com,Pass19word,DIVORCE,DIVORCE,cdc068f0-aeb6-405c-bab6-c5b1ff42c86b,pforgdiv-1n1lc,SG64OUZ
pforgdiv-1utri-user0@mailinator.com,Pass19word,DIVORCE,DIVORCE,2edc9958-efa3-46b8-8ac0-7a1f8b9de9fb,pforgdiv-1utri,I08PJ7V
pforgdiv-1v8ix-user0@mailinator.com,Pass19word,DIVORCE,DIVORCE,79685a16-e425-445f-8f99-1af3e49ca885,pforgdiv-1v8ix,HEKAI1G
pforgdiv-1wba9-user0@mailinator.com,Pass19word,DIVORCE,DIVORCE,c992032d-1b2f-478d-9647-22c71b6a4708,pforgdiv-1wba9,561IA8M
pforgdiv-21ffj-user0@mailinator.com,Pass19word,DIVORCE,DIVORCE,75d8db4d-ea77-451d-b97c-88feadcd57ac,pforgdiv-21ffj,2KQTSXC
pforgdiv-25a4i-user0@mailinator.com,Pass19word,DIVORCE,DIVORCE,5e152f25-2d7a-49f5-bebf-3399ff22dfe1,pforgdiv-25a4i,UK3VKK2
pforgdiv-26qm3-user0@mailinator.com,Pass19word,DIVORCE,DIVORCE,05f25eee-a683-47d7-8a2e-5182d31e00fb,pforgdiv-26qm3,1WXWHK6
pforgdiv-2zteu-user0@mailinator.com,Pass19word,DIVORCE,DIVORCE,00e9cf09-e77a-4ce6-a4d3-c67d0f247b99,pforgdiv-2zteu,LZBOBJ9
pforgdiv-3al3u-user0@mailinator.com,Pass19word,DIVORCE,DIVORCE,eda93e8c-5aef-40b6-a53e-15584bb417cf,pforgdiv-3al3u,P2XOZRR
pforgdiv-413xb-user0@mailinator.com,Pass19word,DIVORCE,DIVORCE,f352f4c6-9b22-4b13-b89d-a4bb8dce391a,pforgdiv-413xb,X931B9Y
pforgdiv-4ayif-user0@mailinator.com,Pass19word,DIVORCE,DIVORCE,8818ffd4-3209-4165-9fd4-27427b58f553,pforgdiv-4ayif,B0JISSJ
pforgdiv-4t7mx-user0@mailinator.com,Pass19word,DIVORCE,DIVORCE,46b5646e-4c4e-4a5d-9cf2-8d48ebb31688,pforgdiv-4t7mx,YBL26V0
pforgdiv-4vcr6-user0@mailinator.com,Pass19word,DIVORCE,DIVORCE,90d913ce-c1d9-4856-9cf7-30082e7efc85,pforgdiv-4vcr6,5GA3XTE
pforgdiv-51dea-user0@mailinator.com,Pass19word,DIVORCE,DIVORCE,d7b5ea1b-8c7b-41f7-a273-dc3b6c5a913b,pforgdiv-51dea,N6OD48M
pforgdiv-5au7h-user0@mailinator.com,Pass19word,DIVORCE,DIVORCE,afb17807-e54e-44ea-9907-5f31a42c54a7,pforgdiv-5au7h,B6KZV9R
pforgdiv-5buxa-user0@mailinator.com,Pass19word,DIVORCE,DIVORCE,c17eefe0-4be7-4065-90c9-cbc8251cf7af,pforgdiv-5buxa,276SDHW
pforgdiv-5gw1h-user0@mailinator.com,Pass19word,DIVORCE,DIVORCE,c83bf202-4054-4b3c-aced-51498cd30f88,pforgdiv-5gw1h,KSZVW3S
pforgdiv-5oaum-user0@mailinator.com,Pass19word,DIVORCE,DIVORCE,0df77aa4-e14c-4df4-a217-b19068ca3e97,pforgdiv-5oaum,NTRNO73
pforgdiv-5rpt3-user0@mailinator.com,Pass19word,DIVORCE,DIVORCE,87c3b238-062b-4436-8ecc-0460da2c42d1,pforgdiv-5rpt3,ITM1R0R
pforgdiv-6411t-user0@mailinator.com,Pass19word,DIVORCE,DIVORCE,d3191c14-c969-418a-bbf3-571e1d4d482a,pforgdiv-6411t,8ZMEXZU
pforgdiv-6524l-user0@mailinator.com,Pass19word,DIVORCE,DIVORCE,a5893448-a421-435e-b214-abd12b9afbd7,pforgdiv-6524l,P2X4W67
pforgdiv-6b8ji-user0@mailinator.com,Pass19word,DIVORCE,DIVORCE,26e5d982-83be-43c2-aa80-5553599a80fc,pforgdiv-6b8ji,UCJ1RP4
pforgdiv-6jf57-user0@mailinator.com,Pass19word,DIVORCE,DIVORCE,e2d8af26-4225-4b64-8e7c-af5df9f3c11b,pforgdiv-6jf57,MSPVF2J
pforgdiv-6jzce-user0@mailinator.com,Pass19word,DIVORCE,DIVORCE,ad78b5eb-f27b-4c23-aee6-96349afbbcb9,pforgdiv-6jzce,5N0WI0Y
pforgdiv-6o2z4-user0@mailinator.com,Pass19word,DIVORCE,DIVORCE,7d0ca36d-ef67-424c-8ca6-c6c3b98a76da,pforgdiv-6o2z4,YRJMX8X
pforgdiv-6p5nu-user0@mailinator.com,Pass19word,DIVORCE,DIVORCE,f7a1aedc-0db2-4540-aed6-25ec20cc6308,pforgdiv-6p5nu,JBBNQMM
pforgdiv-6rsn2-user0@mailinator.com,Pass19word,DIVORCE,DIVORCE,05067690-8559-4ffd-81c8-eb0218eb816e,pforgdiv-6rsn2,TBH5I7V
pforgdiv-6t61p-user0@mailinator.com,Pass19word,DIVORCE,DIVORCE,4d1e0b7e-6e3f-492b-9608-211aa44f8f90,pforgdiv-6t61p,RDM7SS0
pforgdiv-72ba8-user0@mailinator.com,Pass19word,DIVORCE,DIVORCE,280bb1cd-cc89-4f68-a1e8-25cd68252e70,pforgdiv-72ba8,YW8BBHL
pforgdiv-75yvq-user0@mailinator.com,Pass19word,DIVORCE,DIVORCE,515075d2-0138-40da-afec-c161e0fd3eca,pforgdiv-75yvq,LLFOLCE
pforgdiv-79grt-user0@mailinator.com,Pass19word,DIVORCE,DIVORCE,4369e872-179c-4fc6-afe6-ab98f999f62a,pforgdiv-79grt,QK2F8D4
pforgdiv-7j7m9-user0@mailinator.com,Pass19word,DIVORCE,DIVORCE,aa6f9765-a5fc-46e0-aa50-472e6d98131b,pforgdiv-7j7m9,QEXRPOA
pforgdiv-7kkdp-user0@mailinator.com,Pass19word,DIVORCE,DIVORCE,3a494356-0a00-490f-abbf-db35f1392a0b,pforgdiv-7kkdp,FGIIMQN
pforgdiv-7mkcg-user0@mailinator.com,Pass19word,DIVORCE,DIVORCE,f9f1c4f1-f41f-4038-bcbd-74ab704a2dc1,pforgdiv-7mkcg,YWN9YPC
pforgdiv-7xcpb-user0@mailinator.com,Pass19word,DIVORCE,DIVORCE,fac9cb4e-1f28-44e5-af4b-6441a7142c3f,pforgdiv-7xcpb,3FATIUD
pforgdiv-8b1xy-user0@mailinator.com,Pass19word,DIVORCE,DIVORCE,950ceb00-4f00-4a6e-976c-ab1e791aa93a,pforgdiv-8b1xy,PZFTZTE
pforgdiv-8dtug-user0@mailinator.com,Pass19word,DIVORCE,DIVORCE,0b2a4dc3-a9ac-417a-9d8b-5c73a6f22358,pforgdiv-8dtug,N2LJZPC
pforgdiv-8etkh-user0@mailinator.com,Pass19word,DIVORCE,DIVORCE,25dd29a3-9c86-41d3-82d0-b31cc4791214,pforgdiv-8etkh,O393QBO
pforgdiv-8m74c-user0@mailinator.com,Pass19word,DIVORCE,DIVORCE,951aa333-0455-480b-a974-cd2664c5daf3,pforgdiv-8m74c,82PYZC5
pforgdiv-8wymc-user0@mailinator.com,Pass19word,DIVORCE,DIVORCE,662a2884-fcde-40f3-a017-4405a0e25a7d,pforgdiv-8wymc,GF5RKBB
pforgdiv-8ydt9-user0@mailinator.com,Pass19word,DIVORCE,DIVORCE,5951575e-1bc7-4e0e-84ef-5df0b9c1948e,pforgdiv-8ydt9,0YOZBNB
pforgdiv-93x5y-user0@mailinator.com,Pass19word,DIVORCE,DIVORCE,1c6ceef4-a153-47d1-aff3-a24f7c4bad41,pforgdiv-93x5y,00B8APM
pforgdiv-95km7-user1@mailinator.com,Pass19word,DIVORCE,DIVORCE,53106914-f6d1-4ac6-9ab9-9f1063691a8f,pforgdiv-95km7,IL8IX2O
pforgdiv-9dtyf-user0@mailinator.com,Pass19word,DIVORCE,DIVORCE,552e06b0-0710-4339-bbe3-20406723b5b0,pforgdiv-9dtyf,YVMW9YX
pforgdiv-9f9ot-user0@mailinator.com,Pass19word,DIVORCE,DIVORCE,5e4cc615-5023-4aa9-808a-9458ff2b28ab,pforgdiv-9f9ot,IIRL8AG
pforgdiv-a5mue-user0@mailinator.com,Pass19word,DIVORCE,DIVORCE,a12e48d0-a623-4447-a377-70a968a15a4c,pforgdiv-a5mue,UEEQL5M
pforgdiv-a7rss-user0@mailinator.com,Pass19word,DIVORCE,DIVORCE,20cb83aa-330a-4e90-89ae-3202eea49b99,pforgdiv-a7rss,MBWSGKX
pforgdiv-a8ir5-user0@mailinator.com,Pass19word,DIVORCE,DIVORCE,bb88d76a-3a51-4fa1-a566-39afb06d1804,pforgdiv-a8ir5,YRQ60LE
pforgdiv-aasze-user0@mailinator.com,Pass19word,DIVORCE,DIVORCE,64453f6f-1e83-4f72-add5-be0359e7293f,pforgdiv-aasze,9D40FK3
pforgdiv-afset-user0@mailinator.com,Pass19word,DIVORCE,DIVORCE,4a3cdaf2-ec94-465e-a182-ab7302d7c765,pforgdiv-afset,NUCFLLH
pforgdiv-aqh75-user0@mailinator.com,Pass19word,DIVORCE,DIVORCE,3527dd1c-5e1b-4447-a3ff-ce761c2b1194,pforgdiv-aqh75,30USYQX
pforgdiv-asgrq-user0@mailinator.com,Pass19word,DIVORCE,DIVORCE,2c81f6d1-2ce8-471c-a10a-58d8e2c55b1e,pforgdiv-asgrq,TNLDCDK
pforgdiv-axsc5-user0@mailinator.com,Pass19word,DIVORCE,DIVORCE,8fe5b38f-95ac-498a-b33b-e99109998f18,pforgdiv-axsc5,3U8Y6AK
pforgdiv-b87ol-user0@mailinator.com,Pass19word,DIVORCE,DIVORCE,8ef67c2d-2a40-4a0f-8dbc-aa6633667fd3,pforgdiv-b87ol,GXIAU7K
pforgdiv-bfr0x-user0@mailinator.com,Pass19word,DIVORCE,DIVORCE,b5e0305a-8c19-4264-bf2a-f40fe11bb76a,pforgdiv-bfr0x,DS29P2V
pforgdiv-bqy7i-user0@mailinator.com,Pass19word,DIVORCE,DIVORCE,0282a2b0-4485-4a01-8650-a2254a2614b3,pforgdiv-bqy7i,K15TMT2
pforgdiv-bt3tv-user0@mailinator.com,Pass19word,DIVORCE,DIVORCE,ae3bc040-2d24-4694-ac3e-a8836a3239e9,pforgdiv-bt3tv,91N72ZS
pforgdiv-bu1qt-user0@mailinator.com,Pass19word,DIVORCE,DIVORCE,c209dcf5-28af-4069-b2cc-e798af8fe017,pforgdiv-bu1qt,8LWOC6V
pforgdiv-c0v94-user0@mailinator.com,Pass19word,DIVORCE,DIVORCE,f8cbce69-bc8e-4bcd-9be8-71f911b97e2c,pforgdiv-c0v94,BXL6HW9
pforgdiv-c3siy-user0@mailinator.com,Pass19word,DIVORCE,DIVORCE,4e195a5c-827e-4fd3-aa5a-4129149d8e79,pforgdiv-c3siy,UQJWS16
pforgdiv-casww-user0@mailinator.com,Pass19word,DIVORCE,DIVORCE,30a02097-515d-4e35-bd45-8d7b6caaa87b,pforgdiv-casww,75E1YAX
pforgdiv-d4cop-user0@mailinator.com,Pass19word,DIVORCE,DIVORCE,92613e91-683f-4463-b591-899d78a8e49d,pforgdiv-d4cop,MDU55UL
pforgdiv-d6dae-user0@mailinator.com,Pass19word,DIVORCE,DIVORCE,368b0742-108a-434a-9316-78bffa0c6fdb,pforgdiv-d6dae,EVBD6QE
pforgdiv-d7ty9-user0@mailinator.com,Pass19word,DIVORCE,DIVORCE,9466d155-477d-4b47-951f-f6a6b3d4bcc8,pforgdiv-d7ty9,5EE2J4J
pforgdiv-d9cep-user0@mailinator.com,Pass19word,DIVORCE,DIVORCE,4b6e0d90-d115-4f93-b39b-2bcc1f9f8cd8,pforgdiv-d9cep,61KSJET
pforgdiv-dd3qp-user0@mailinator.com,Pass19word,DIVORCE,DIVORCE,5a55a081-4b45-4a31-ae4d-9a54696db9fe,pforgdiv-dd3qp,9DS8OVJ
pforgdiv-dk9n0-user0@mailinator.com,Pass19word,DIVORCE,DIVORCE,4fc16c84-167d-47e7-8582-13b4309b8457,pforgdiv-dk9n0,LPX6X5K
pforgdiv-du5jf-user0@mailinator.com,Pass19word,DIVORCE,DIVORCE,d68195a4-7293-4fbe-a7fa-f8f429ebffcb,pforgdiv-du5jf,KXOWSMH
pforgdiv-dvxbb-user0@mailinator.com,Pass19word,DIVORCE,DIVORCE,66d2be67-acff-4e1d-8702-e3a62b6b632b,pforgdiv-dvxbb,3G2Q0TU
pforgdiv-dxd7x-user0@mailinator.com,Pass19word,DIVORCE,DIVORCE,63c049fb-36f4-4688-9bcb-eb8e8a37f6e9,pforgdiv-dxd7x,WSE9U9R
pforgdiv-edrcv-user0@mailinator.com,Pass19word,DIVORCE,DIVORCE,d41868d5-d953-4b1f-a677-0934584a7cf2,pforgdiv-edrcv,XDHBGHJ
pforgdiv-erk2t-user0@mailinator.com,Pass19word,DIVORCE,DIVORCE,eeabd70d-5ead-4691-ac57-d2db94ec524e,pforgdiv-erk2t,7VQRS27
pforgdiv-fcilg-user0@mailinator.com,Pass19word,DIVORCE,DIVORCE,494af2dc-008d-44b1-bb75-89577d5ac175,pforgdiv-fcilg,MO0VC3R
pforgdiv-fsluk-user0@mailinator.com,Pass19word,DIVORCE,DIVORCE,53c8b7bb-65ac-46fe-9943-c0804e6dbe89,pforgdiv-fsluk,NCJ4221
pforgdiv-fztfu-user0@mailinator.com,Pass19word,DIVORCE,DIVORCE,4c3c6237-4074-4292-89d6-68505bf5e3b2,pforgdiv-fztfu,94DASTA
pforgdiv-gs0rh-user0@mailinator.com,Pass19word,DIVORCE,DIVORCE,f757fc75-d7a0-4d22-ae1c-103a621ec55b,pforgdiv-gs0rh,XMYO9TK
pforgdiv-gsipz-user0@mailinator.com,Pass19word,DIVORCE,DIVORCE,fc19bf8e-bf4a-479d-8f24-80409a9ad026,pforgdiv-gsipz,BW3D8M1
pforgdiv-gskxt-user0@mailinator.com,Pass19word,DIVORCE,DIVORCE,8afadaac-4c8e-4215-a996-0897317183c5,pforgdiv-gskxt,ONXF27M
pforgdiv-gvcym-user0@mailinator.com,Pass19word,DIVORCE,DIVORCE,a818717c-c93b-4ff9-b9b7-311d217c20d0,pforgdiv-gvcym,44MUTH5
pforgdiv-h8u24-user0@mailinator.com,Pass19word,DIVORCE,DIVORCE,c1256e6c-8375-4776-b147-d3fa0aae322e,pforgdiv-h8u24,PQNWAPB
pforgdiv-hbdtt-user0@mailinator.com,Pass19word,DIVORCE,DIVORCE,af52dda1-a739-4b3f-bc19-1c895c9b9490,pforgdiv-hbdtt,XOB21R6
pforgdiv-hiuee-user0@mailinator.com,Pass19word,DIVORCE,DIVORCE,3d327067-e6f4-4b1c-9ff8-942be43c6488,pforgdiv-hiuee,L3UMII5
pforgdiv-hix99-user0@mailinator.com,Pass19word,DIVORCE,DIVORCE,3acf9857-f23b-47ea-9893-0e3ab329c285,pforgdiv-hix99,UUIEDN6
pforgdiv-hnkg7-user0@mailinator.com,Pass19word,DIVORCE,DIVORCE,491d9476-9f8b-4706-9a8e-710b2be221dd,pforgdiv-hnkg7,8RU8AV2
pforgdiv-hnql5-user0@mailinator.com,Pass19word,DIVORCE,DIVORCE,873b9e2d-2f7f-4dcf-af02-e965aa44edcd,pforgdiv-hnql5,FZBJIF3
pforgdiv-ho70i-user0@mailinator.com,Pass19word,DIVORCE,DIVORCE,b6f53bd3-955b-40be-b826-6523f3d69219,pforgdiv-ho70i,0I8ZEU7
pforgdiv-hx5u9-user0@mailinator.com,Pass19word,DIVORCE,DIVORCE,aec01591-4041-4dc6-aecc-12e2d90617e7,pforgdiv-hx5u9,XLZKJC0
pforgdiv-idlsl-user0@mailinator.com,Pass19word,DIVORCE,DIVORCE,9d7890df-ad80-48a8-8f25-407d3c7bdf32,pforgdiv-idlsl,7KY604Z
pforgdiv-ienib-user0@mailinator.com,Pass19word,DIVORCE,DIVORCE,fb449c00-5139-4fe0-87a2-467071839c79,pforgdiv-ienib,6NXT8YZ
pforgdiv-iled6-user0@mailinator.com,Pass19word,DIVORCE,DIVORCE,a4ad1373-280c-422e-b903-5f9f39043d9b,pforgdiv-iled6,TLP5JY5
pforgdiv-iuxqu-user0@mailinator.com,Pass19word,DIVORCE,DIVORCE,f3bde4a3-0f83-4ca5-b80e-41bfac10e1ee,pforgdiv-iuxqu,0XH40NH
pforgdiv-iy6p0-user0@mailinator.com,Pass19word,DIVORCE,DIVORCE,4c5d0347-e376-40c8-bc60-2f334e08784f,pforgdiv-iy6p0,1BRNN9G
pforgdiv-iywii-user0@mailinator.com,Pass19word,DIVORCE,DIVORCE,fddefaf5-227d-4ea4-8e5f-5c2d2a7c0089,pforgdiv-iywii,QSEG72O
pforgdiv-j0djm-user0@mailinator.com,Pass19word,DIVORCE,DIVORCE,2d863f52-f703-4bb3-8354-850f86a01607,pforgdiv-j0djm,J9ZQ3D6
pforgdiv-j0k9e-user0@mailinator.com,Pass19word,DIVORCE,DIVORCE,0cfcb7ef-1312-4ee5-afac-aec93fa1548d,pforgdiv-j0k9e,EE11GBS
pforgdiv-jtf6j-user0@mailinator.com,Pass19word,DIVORCE,DIVORCE,ea5b0017-3788-418e-be95-14a3ec4c33a7,pforgdiv-jtf6j,8Z3QVW4
pforgdiv-ju4wq-user0@mailinator.com,Pass19word,DIVORCE,DIVORCE,dd43693b-ac6e-4130-9987-28a7ccf90e18,pforgdiv-ju4wq,J8QN7IS
pforgdiv-k3lc1-user0@mailinator.com,Pass19word,DIVORCE,DIVORCE,5a6c97d6-926b-4a3a-8ddd-9abce869a809,pforgdiv-k3lc1,XHFN3FQ
pforgdiv-k5nv2-user0@mailinator.com,Pass19word,DIVORCE,DIVORCE,0ff848cd-2322-4c00-b22d-977b50a4200e,pforgdiv-k5nv2,X49HIL7
pforgdiv-k6xbc-user0@mailinator.com,Pass19word,DIVORCE,DIVORCE,b16aea37-6204-4b62-a1b3-4496c27da0e0,pforgdiv-k6xbc,337WOBP
pforgdiv-kihyf-user0@mailinator.com,Pass19word,DIVORCE,DIVORCE,51ca6c2a-db08-497a-b519-2912109e30fd,pforgdiv-kihyf,OL1V3DI
pforgdiv-kqczs-user0@mailinator.com,Pass19word,DIVORCE,DIVORCE,35b14837-1e6e-4e99-a9f0-931c584d2f11,pforgdiv-kqczs,795Y413
pforgdiv-l0f9q-user0@mailinator.com,Pass19word,DIVORCE,DIVORCE,8ed49f0a-e912-4a02-828f-40fd1e2e80cd,pforgdiv-l0f9q,NPSRM4K
pforgdiv-l8mjo-user0@mailinator.com,Pass19word,DIVORCE,DIVORCE,f7fe6700-e1d0-423f-8685-5c888f3cdb1d,pforgdiv-l8mjo,CXJQNCU
pforgdiv-lbo7g-user0@mailinator.com,Pass19word,DIVORCE,DIVORCE,d7079746-b858-4558-a41f-39e332daa82e,pforgdiv-lbo7g,6MS19H6
pforgdiv-lcg6u-user0@mailinator.com,Pass19word,DIVORCE,DIVORCE,76f4af76-5b04-4005-a30a-26ed03ca0d9d,pforgdiv-lcg6u,3N6PDBZ
pforgdiv-lfrmn-user0@mailinator.com,Pass19word,DIVORCE,DIVORCE,5ba67ab3-8da4-46bc-8906-b59b3da1c04d,pforgdiv-lfrmn,QYHLEC3
pforgdiv-lkenh-user0@mailinator.com,Pass19word,DIVORCE,DIVORCE,7c10489f-5b49-4aff-aebc-4092ded51100,pforgdiv-lkenh,7Q9W0B9
pforgdiv-lq4xj-user0@mailinator.com,Pass19word,DIVORCE,DIVORCE,88748fe7-35e8-4974-83fb-25fb00dd9d5c,pforgdiv-lq4xj,9KKBSTW
pforgdiv-lv7sn-user0@mailinator.com,Pass19word,DIVORCE,DIVORCE,71207d40-cfaa-43b5-89f6-1778ed098661,pforgdiv-lv7sn,37336WW
pforgdiv-m2hjr-user0@mailinator.com,Pass19word,DIVORCE,DIVORCE,96f757d6-5680-4c36-965d-45e01e1ede81,pforgdiv-m2hjr,7G77KEW
pforgdiv-mcimm-user0@mailinator.com,Pass19word,DIVORCE,DIVORCE,5f3952f7-fdcb-4bf8-b4c5-f5df25857eb8,pforgdiv-mcimm,W232UYC
pforgdiv-mif7p-user0@mailinator.com,Pass19word,DIVORCE,DIVORCE,fa3c2941-2989-49d3-8cf2-2d41f554266b,pforgdiv-mif7p,Y3IL63E
pforgdiv-mk11e-user0@mailinator.com,Pass19word,DIVORCE,DIVORCE,eae9cef5-1673-439b-9410-c7fe9d424a31,pforgdiv-mk11e,NHCR16O
pforgdiv-mp7rw-user0@mailinator.com,Pass19word,DIVORCE,DIVORCE,b184a1a2-e28d-47ed-9455-9da7cdd1104d,pforgdiv-mp7rw,8D0QU3Z
pforgdiv-mvjwr-user0@mailinator.com,Pass19word,DIVORCE,DIVORCE,8a508c95-7cfb-4e1a-b8b3-0d530342e0c7,pforgdiv-mvjwr,16Z07J4
pforgdiv-nlsx2-user0@mailinator.com,Pass19word,DIVORCE,DIVORCE,4258ef66-ff93-47bf-8b82-c5e43d4531b7,pforgdiv-nlsx2,YB1V9EN
pforgdiv-nonwt-user0@mailinator.com,Pass19word,DIVORCE,DIVORCE,0c338563-6d3d-4b1f-a2ac-670344cc21ae,pforgdiv-nonwt,AK9UVXY
pforgdiv-nt4mw-user0@mailinator.com,Pass19word,DIVORCE,DIVORCE,88216094-d688-4484-b72a-b010291f6107,pforgdiv-nt4mw,4LZRWYU
pforgdiv-nxl8d-user0@mailinator.com,Pass19word,DIVORCE,DIVORCE,e38b683f-d0cb-474c-a742-96fdf2ea5b7d,pforgdiv-nxl8d,CFW64MH
pforgdiv-o12uf-user0@mailinator.com,Pass19word,DIVORCE,DIVORCE,f072862c-c7be-4709-ae04-f39413a4f4bf,pforgdiv-o12uf,3C1GSFA
pforgdiv-o6qm4-user0@mailinator.com,Pass19word,DIVORCE,DIVORCE,6ebb3956-08e0-44a1-93c0-de237938e2c6,pforgdiv-o6qm4,M4JHDYS
pforgdiv-op3d7-user0@mailinator.com,Pass19word,DIVORCE,DIVORCE,39fd9742-a41e-4ab0-bc8a-9b6cc30debec,pforgdiv-op3d7,O9DYGXV
pforgdiv-oqwzq-user0@mailinator.com,Pass19word,DIVORCE,DIVORCE,4c72b924-99a6-4b3f-9d26-76991924d2c4,pforgdiv-oqwzq,DDRBETP
pforgdiv-ovj84-user0@mailinator.com,Pass19word,DIVORCE,DIVORCE,e80b0209-d44d-4f88-8d4c-e298cf1900d1,pforgdiv-ovj84,JY5KW3E
pforgdiv-p0clr-user0@mailinator.com,Pass19word,DIVORCE,DIVORCE,d0b9b708-0148-41d0-9264-51a1a662f791,pforgdiv-p0clr,I3SYKYQ
pforgdiv-p5hai-user0@mailinator.com,Pass19word,DIVORCE,DIVORCE,30b40c3b-ae48-4aa7-823f-a078a5ff4da6,pforgdiv-p5hai,VVD6B21
pforgdiv-pccys-user0@mailinator.com,Pass19word,DIVORCE,DIVORCE,95079d0b-e531-4b92-a74b-e2b45a04475a,pforgdiv-pccys,6D5G7C5
pforgdiv-ppb9w-user0@mailinator.com,Pass19word,DIVORCE,DIVORCE,cfe08dee-e7d5-4d6b-82ae-416c7e96f9be,pforgdiv-ppb9w,YXC58L5
pforgdiv-pqqs3-user0@mailinator.com,Pass19word,DIVORCE,DIVORCE,a99f0945-4ca7-43d3-b310-4a214aa0e0bd,pforgdiv-pqqs3,9MJUK88
pforgdiv-pu1x8-user0@mailinator.com,Pass19word,DIVORCE,DIVORCE,93699107-8ff2-4634-88b5-caa994a0b1c7,pforgdiv-pu1x8,4OXVGZE
pforgdiv-pvrl4-user0@mailinator.com,Pass19word,DIVORCE,DIVORCE,c9f455c9-86de-4482-9cb7-8eac929977aa,pforgdiv-pvrl4,ONA99D8
pforgdiv-py829-user0@mailinator.com,Pass19word,DIVORCE,DIVORCE,9e0a3b5b-327f-4baf-b5d5-60c573b95b7c,pforgdiv-py829,ZRAKHAJ
pforgdiv-q5334-user0@mailinator.com,Pass19word,DIVORCE,DIVORCE,30275fe5-4753-413f-9bed-464551ec69e8,pforgdiv-q5334,RS0RCGC
pforgdiv-qbkwn-user0@mailinator.com,Pass19word,DIVORCE,DIVORCE,a3f45f47-b0dd-4bf8-8a10-442ed946af8c,pforgdiv-qbkwn,M0A4UO1
pforgdiv-qcbmj-user0@mailinator.com,Pass19word,DIVORCE,DIVORCE,5ccdd7e7-c09d-48c5-b46c-82bcadc204c9,pforgdiv-qcbmj,A6LQ6MU
pforgdiv-qssx4-user0@mailinator.com,Pass19word,DIVORCE,DIVORCE,ff92dd4e-f60c-4b22-a5dc-edec48fe91c9,pforgdiv-qssx4,DDGVIN7
pforgdiv-qt5w6-user0@mailinator.com,Pass19word,DIVORCE,DIVORCE,a0f9bfad-f1f7-4237-8377-0b6a9c5a8cf8,pforgdiv-qt5w6,GC08UU2
pforgdiv-qvzax-user0@mailinator.com,Pass19word,DIVORCE,DIVORCE,7dcb5ad6-08fe-483a-b1fa-dbb0fc1ba50f,pforgdiv-qvzax,AR6N438
pforgdiv-qyahk-user0@mailinator.com,Pass19word,DIVORCE,DIVORCE,bb917640-ca06-4911-8643-952919e44efd,pforgdiv-qyahk,A3TW31D
pforgdiv-r1nfz-user0@mailinator.com,Pass19word,DIVORCE,DIVORCE,eda4d660-c7e2-4e55-9c68-9d1c46cdac5c,pforgdiv-r1nfz,G2XMCYV
pforgdiv-r466p-user0@mailinator.com,Pass19word,DIVORCE,DIVORCE,60fff315-cf47-4106-ac18-4373ecd975cf,pforgdiv-r466p,3J37L7Q
pforgdiv-rhga6-user0@mailinator.com,Pass19word,DIVORCE,DIVORCE,3c5b9d8a-49d7-41b6-a470-63070016bc26,pforgdiv-rhga6,Z0LVUAB
pforgdiv-rs3ui-user0@mailinator.com,Pass19word,DIVORCE,DIVORCE,53f09b65-fe77-4c67-af9a-12a58159b00e,pforgdiv-rs3ui,YABHWKR
pforgdiv-s7qe4-user0@mailinator.com,Pass19word,DIVORCE,DIVORCE,8a86f365-2ba5-4309-8359-95afadd74048,pforgdiv-s7qe4,9CFVSRF
pforgdiv-sbo23-user0@mailinator.com,Pass19word,DIVORCE,DIVORCE,5e423d73-cd70-457a-bd14-26c6d10168da,pforgdiv-sbo23,8F6MUGT
pforgdiv-sj2h8-user0@mailinator.com,Pass19word,DIVORCE,DIVORCE,e277d06b-b00a-46e6-8a68-a083451120c7,pforgdiv-sj2h8,FB7H8CT
pforgdiv-sxuyn-user0@mailinator.com,Pass19word,DIVORCE,DIVORCE,da9eb2d7-9c19-4d09-8724-49854c4376a6,pforgdiv-sxuyn,ZQ25X0X
pforgdiv-tnqj4-user0@mailinator.com,Pass19word,DIVORCE,DIVORCE,03fa69c7-0c60-4fb0-a337-d30a3958fd67,pforgdiv-tnqj4,VWXDK06
pforgdiv-tonlk-user0@mailinator.com,Pass19word,DIVORCE,DIVORCE,61c1b657-1ff4-4119-89c7-827c5e9d6d59,pforgdiv-tonlk,Z49G7PV
pforgdiv-tp99j-user0@mailinator.com,Pass19word,DIVORCE,DIVORCE,283e111c-675b-4604-a599-cab36207e5a3,pforgdiv-tp99j,UZWWLTG
pforgdiv-tyopx-user0@mailinator.com,Pass19word,DIVORCE,DIVORCE,b5348604-dbda-4070-bd1e-54b36052d835,pforgdiv-tyopx,RBNH428
pforgdiv-uakri-user0@mailinator.com,Pass19word,DIVORCE,DIVORCE,21b09207-f7e4-4821-8952-9722dd8f0fd3,pforgdiv-uakri,PMHYNB4
pforgdiv-ur2v9-user0@mailinator.com,Pass19word,DIVORCE,DIVORCE,eb83ead9-ac9e-44ca-a8b8-de1eba24b355,pforgdiv-ur2v9,9MFBERW
pforgdiv-uuad4-user0@mailinator.com,Pass19word,DIVORCE,DIVORCE,082abc6f-6889-452c-b0d4-ed68473e9f92,pforgdiv-uuad4,PTN95C6
pforgdiv-uuk1s-user0@mailinator.com,Pass19word,DIVORCE,DIVORCE,c0188d27-664a-4785-867b-f5f524740f98,pforgdiv-uuk1s,R2UL0F3
pforgdiv-v71m9-user0@mailinator.com,Pass19word,DIVORCE,DIVORCE,201babd4-2283-4a3e-b560-1dc72cf33319,pforgdiv-v71m9,Z5Q4XNR
pforgdiv-vaejo-user0@mailinator.com,Pass19word,DIVORCE,DIVORCE,fafb5b5d-f359-4b00-98fa-32d2aee09370,pforgdiv-vaejo,0A81BGN
pforgdiv-vcka1-user0@mailinator.com,Pass19word,DIVORCE,DIVORCE,594e5ab0-2d56-4289-984d-a456ffb5fcce,pforgdiv-vcka1,J4NPQ90
pforgdiv-vhhdn-user0@mailinator.com,Pass19word,DIVORCE,DIVORCE,a7d8481d-99e8-4542-b188-8e8e0c16ae42,pforgdiv-vhhdn,DNEDRGR
pforgdiv-vo58a-user0@mailinator.com,Pass19word,DIVORCE,DIVORCE,5fbb1593-ca52-46f8-82c4-a463fe0aa29a,pforgdiv-vo58a,1KHZ2D2
pforgdiv-vvwjo-user0@mailinator.com,Pass19word,DIVORCE,DIVORCE,212d0a24-fa4e-4baf-903c-767f2d23d229,pforgdiv-vvwjo,L5LB4H9
pforgdiv-w208l-user0@mailinator.com,Pass19word,DIVORCE,DIVORCE,d875b337-d6d5-40bd-9f86-cf21b67bacd9,pforgdiv-w208l,92TVQMV
pforgdiv-ws93t-user0@mailinator.com,Pass19word,DIVORCE,DIVORCE,21f6c87f-0b43-497d-93ae-6c73f6d4eb6d,pforgdiv-ws93t,81TY5N5
pforgdiv-x1k6i-user0@mailinator.com,Pass19word,DIVORCE,DIVORCE,c336a0d6-77c1-492c-877e-f20fbf50fa33,pforgdiv-x1k6i,6RKI2Z8
pforgdiv-x3ucy-user0@mailinator.com,Pass19word,DIVORCE,DIVORCE,cd4f6c0d-3c28-47f0-bee1-72602efcfd4e,pforgdiv-x3ucy,YBTHZM1
pforgdiv-x8shq-user0@mailinator.com,Pass19word,DIVORCE,DIVORCE,3ad65a58-27cb-4b8e-85cd-8ec33452cf7d,pforgdiv-x8shq,WGHB2G0
pforgdiv-xhlm8-user0@mailinator.com,Pass19word,DIVORCE,DIVORCE,9fbaf532-05ec-4cf6-af7d-9503ca6bf17e,pforgdiv-xhlm8,JJ7EW11
pforgdiv-xqplb-user0@mailinator.com,Pass19word,DIVORCE,DIVORCE,49b0a807-2a69-491c-a0f7-c9a5a34e4b48,pforgdiv-xqplb,96NBIW3
pforgdiv-xr82r-user0@mailinator.com,Pass19word,DIVORCE,DIVORCE,6d5bdca6-3c84-4062-a839-4ab9bed54340,pforgdiv-xr82r,MYACK61
pforgdiv-xxiz8-user0@mailinator.com,Pass19word,DIVORCE,DIVORCE,ce817403-8d1d-4287-99c4-8cbceeda39b4,pforgdiv-xxiz8,RMOEI9N
pforgdiv-xxzl7-user0@mailinator.com,Pass19word,DIVORCE,DIVORCE,65b718f5-e35f-4707-86ff-fe46fb550b65,pforgdiv-xxzl7,4XZKEAS
pforgdiv-y7jlb-user0@mailinator.com,Pass19word,DIVORCE,DIVORCE,3518a4d3-375d-4437-9325-82823a5eb70f,pforgdiv-y7jlb,D24YKZ8
pforgdiv-ycp7m-user0@mailinator.com,Pass19word,DIVORCE,DIVORCE,3a4f0ec3-20fb-4087-a7b3-b2004e4704e9,pforgdiv-ycp7m,BFUICOI
pforgdiv-yfnj7-user0@mailinator.com,Pass19word,DIVORCE,DIVORCE,aa5f02f5-1636-4d61-8f3a-c977c0cef036,pforgdiv-yfnj7,4HKNQS2
pforgdiv-z1w4s-user0@mailinator.com,Pass19word,DIVORCE,DIVORCE,dbd6aa5f-a992-4dcf-b38a-d35129b71a4e,pforgdiv-z1w4s,JGVFABT
pforgdiv-z2ylz-user0@mailinator.com,Pass19word,DIVORCE,DIVORCE,90deb436-2e4b-409d-bf93-485bf456f608,pforgdiv-z2ylz,8RZPVE8
pforgdiv-zb4t0-user0@mailinator.com,Pass19word,DIVORCE,DIVORCE,5ae9dbcf-9d8d-464a-941a-0e1a035df303,pforgdiv-zb4t0,KGEEK4H
pforgdiv-zep57-user0@mailinator.com,Pass19word,DIVORCE,DIVORCE,b194cca2-795a-4866-8c86-d40fb51ef5f6,pforgdiv-zep57,2QPWVZJ
pforgdiv-zh8c0-user0@mailinator.com,Pass19word,DIVORCE,DIVORCE,d08241ca-e4a6-48ad-bdc6-2aba79f7e9af,pforgdiv-zh8c0,DD1178A
pforgdiv-zhqr8-user0@mailinator.com,Pass19word,DIVORCE,DIVORCE,0458ad3f-5149-4f07-9bf8-95e39c03baf9,pforgdiv-zhqr8,DMFVQ6O
pforgdiv-zi08b-user0@mailinator.com,Pass19word,DIVORCE,DIVORCE,31a448d0-e43a-4a46-9a8b-6793b8b3e9f9,pforgdiv-zi08b,WWBU5U4
pforgdiv-zmb33-user0@mailinator.com,Pass19word,DIVORCE,DIVORCE,e33eab8f-8b76-4b01-80ea-302083fc782e,pforgdiv-zmb33,E5HCVIU
pforgdiv-ztycf-user0@mailinator.com,Pass19word,DIVORCE,DIVORCE,5c8895ba-9cc2-4ff3-b117-7128f604d6e2,pforgdiv-ztycf,UCYANEH
pforg-5qin9-user0@mailinator.com,Pass19word,DIVORCE,DIVORCE,5c9e63c6-9cff-40ef-8ce1-53674a8ee304,pforg-5qin9,3PZZ2EX
pforg-byj63-user0@mailinator.com,Pass19word,DIVORCE,DIVORCE,87fdba42-7304-4263-adef-d0f075302446,pforg-byj63,J5KJW6S
pforg-3a3ng-user0@mailinator.com,Pass19word,DIVORCE,DIVORCE,ec47477d-0e5a-47bb-98ea-063775b48739,pforg-3a3ng,XNIHLRM
pforg-cbz9g-user0@mailinator.com,Pass19word,DIVORCE,DIVORCE,a65dde59-fad2-4e9e-a890-17cb895c23ec,pforg-cbz9g,7JHLGVR
pforg-ofzo9-user0@mailinator.com,Pass19word,DIVORCE,DIVORCE,524b5c44-e574-45d9-9c7d-6b451c2fe2fc,pforg-ofzo9,G9FMHLQ
pforg-15a8g-user0@mailinator.com,Pass19word,DIVORCE,DIVORCE,8514d529-dade-4fab-9e3c-03e9713f01ae,pforg-15a8g,Z8FS8VL
pforg-1a5jo-user0@mailinator.com,Pass19word,DIVORCE,DIVORCE,33ef8791-1c72-467b-8bd8-1edcfda43b89,pforg-1a5jo,AEVP8Z7
pforg-7r6md-user0@mailinator.com,Pass19word,DIVORCE,DIVORCE,e3ed1617-6bc5-4019-bbca-6bcf88ef8b32,pforg-7r6md,FLUFDE8
pforg-8uime-user0@mailinator.com,Pass19word,DIVORCE,DIVORCE,62efe89d-27b9-4a02-b577-82868677f137,pforg-8uime,B7KK9RZ
pforg-n7o9c-user0@mailinator.com,Pass19word,DIVORCE,DIVORCE,88520658-c65f-479e-850e-c385f5eccc8c,pforg-n7o9c,WJPFS5R
pforg-x68dg-user0@mailinator.com,Pass19word,DIVORCE,DIVORCE,7bc9d50d-0476-4533-aecd-efdc17a0be02,pforg-x68dg,0DTPEHY
pforg-crk5p-user0@mailinator.com,Pass19word,DIVORCE,DIVORCE,3137f8c1-53ad-401a-aacd-907eaa819182,pforg-crk5p,OFTEA2T
pforg-6evq5-user0@mailinator.com,Pass19word,DIVORCE,DIVORCE,8528f6c7-8484-4fd4-a70b-6af962558eb9,pforg-6evq5,4JFQIJ2
pforg-ijt6v-user0@mailinator.com,Pass19word,DIVORCE,DIVORCE,46d3d155-9110-4e66-8ee8-98465f0edba1,pforg-ijt6v,RG1ZX2W
pforg-8yd4x-user0@mailinator.com,Pass19word,DIVORCE,DIVORCE,11674d63-7443-47d2-95b5-ed52813e8a88,pforg-8yd4x,FBWFDQS
pforg-ypaxc-user0@mailinator.com,Pass19word,DIVORCE,DIVORCE,e8c4af82-3862-41fb-938d-13a010cb6b39,pforg-ypaxc,57HQVOX
pforg-a96ai-user0@mailinator.com,Pass19word,DIVORCE,DIVORCE,0035bd34-90de-465b-b949-c8ab575f5715,pforg-a96ai,E3ERTLK
pforg-exyqx-user0@mailinator.com,Pass19word,DIVORCE,DIVORCE,a7e89924-9445-410a-afcb-ae8b0d9a40a8,pforg-exyqx,0R0C3QS
pforg-w2k0m-user0@mailinator.com,Pass19word,DIVORCE,DIVORCE,b2aae4f1-aa9f-41ba-9411-d104da3a1f60,pforg-w2k0m,BV4HGUX
pforg-ssdd6-user0@mailinator.com,Pass19word,DIVORCE,DIVORCE,69c214e7-bfe4-4666-848f-34cf201ba434,pforg-ssdd6,RM7KPNL
pforg-oahy3-user0@mailinator.com,Pass19word,DIVORCE,DIVORCE,85f43fe7-cf08-4188-89f2-3a462f341c2e,pforg-oahy3,IKRD5P2
pforg-zd5ei-user0@mailinator.com,Pass19word,DIVORCE,DIVORCE,35875931-b9f2-4768-a78d-5af759c048f1,pforg-zd5ei,6XNI9NJ
pforg-68u5g-user0@mailinator.com,Pass19word,DIVORCE,DIVORCE,2e3788eb-5cfd-46eb-8ce0-858906ecfec2,pforg-68u5g,ONXJ1R9
pforg-i2na5-user0@mailinator.com,Pass19word,DIVORCE,DIVORCE,4a88a45b-262c-4c12-a727-9d780d2fd331,pforg-i2na5,I9HPOX4
pforg-qh654-user0@mailinator.com,Pass19word,DIVORCE,DIVORCE,e474157d-aaa8-48f5-93d8-191a8d835c82,pforg-qh654,FXJINCW
pforg-m6bvr-user0@mailinator.com,Pass19word,DIVORCE,DIVORCE,59133760-f815-4b62-a6c4-f4013ca1de9c,pforg-m6bvr,Z5FTAEM
pforg-qyiuo-user0@mailinator.com,Pass19word,DIVORCE,DIVORCE,b6ec4f93-1c02-4499-a1c3-62d61f57c6b9,pforg-qyiuo,HF3U91N
pforg-xhxyo-user0@mailinator.com,Pass19word,DIVORCE,DIVORCE,e5b78845-9dc7-48ef-b535-2f3938120626,pforg-xhxyo,2K2ICMB
pforg-nlm12-user0@mailinator.com,Pass19word,DIVORCE,DIVORCE,3fe4c8ce-c4e1-4192-9ffc-44cea6cce1c8,pforg-nlm12,RWFOWAD
pforg-8j6sw-user0@mailinator.com,Pass19word,DIVORCE,DIVORCE,905d7787-1ca6-4404-b12c-c95738778661,pforg-8j6sw,5KZA6BH
pforg-0xuuv-user0@mailinator.com,Pass19word,DIVORCE,DIVORCE,5a1735cb-a04e-48f3-8601-35be41d1a0af,pforg-0xuuv,3Q9XBXN
pforg-t4qsh-user0@mailinator.com,Pass19word,DIVORCE,DIVORCE,50e2cbc9-e6ce-405c-b81a-b3a0a97dd12f,pforg-t4qsh,8HWOK4X
pforg-8l308-user0@mailinator.com,Pass19word,DIVORCE,DIVORCE,4c68dc46-c20d-427f-8b2c-08ce55228ba3,pforg-8l308,A8LKJTS
pforg-5tzw6-user0@mailinator.com,Pass19word,DIVORCE,DIVORCE,33f62cff-5449-43a5-b7df-73b1cf4d8b28,pforg-5tzw6,GZM14WL
pforg-ju9em-user0@mailinator.com,Pass19word,DIVORCE,DIVORCE,2255f31c-0c51-4b54-abe7-07a003d42f8a,pforg-ju9em,5M2JR4O
pforg-ph2rv-user0@mailinator.com,Pass19word,DIVORCE,DIVORCE,e4c51391-e53f-4925-a98f-649eb49b2b6c,pforg-ph2rv,WWVM61Q
pforg-351ua-user0@mailinator.com,Pass19word,DIVORCE,DIVORCE,746bbde7-dc32-4082-a62e-279dcf195fdf,pforg-351ua,9DRWVZG
pforg-rez6y-user0@mailinator.com,Pass19word,DIVORCE,DIVORCE,6eef7ad7-1d5d-4b03-a80b-658dd7bede67,pforg-rez6y,QQ2L44W
pforg-ipr14-user0@mailinator.com,Pass19word,DIVORCE,DIVORCE,45dde89e-30ce-4cc7-beb2-5f9dcef58e64,pforg-ipr14,PR8C19A
pforg-0v9sf-user0@mailinator.com,Pass19word,DIVORCE,DIVORCE,791d9317-7856-4774-bd04-7937bfb471b7,pforg-0v9sf,4IYG172
pforg-e81s4-user0@mailinator.com,Pass19word,DIVORCE,DIVORCE,2140cc2a-0866-4b7d-86c7-fb485c97c801,pforg-e81s4,K2EIO7X
pforg-q0l40-user0@mailinator.com,Pass19word,DIVORCE,DIVORCE,a1e28721-f0e0-4b71-8b2a-0d48f914c77e,pforg-q0l40,OAHHR8Z
pforg-d81pf-user0@mailinator.com,Pass19word,DIVORCE,DIVORCE,e61a650d-0fcf-4115-ba5c-2231f252ce09,pforg-d81pf,THOQOWE
pforg-sv48m-user0@mailinator.com,Pass19word,DIVORCE,DIVORCE,4e380979-330a-4a2e-8825-19bf71f971ab,pforg-sv48m,U2OMLV8
pforg-7fq73-user0@mailinator.com,Pass19word,DIVORCE,DIVORCE,a7c573d1-3854-4389-bcf5-e0df14a961eb,pforg-7fq73,HXO1JBJ
pforg-y10xv-user0@mailinator.com,Pass19word,DIVORCE,DIVORCE,433eac25-211f-43f9-b59e-a9bdb0b29d83,pforg-y10xv,LW1XWJX
pforg-t72h0-user0@mailinator.com,Pass19word,DIVORCE,DIVORCE,085f0bcf-c080-4f03-be0a-3c6adf73addd,pforg-t72h0,MHU6KZC
pforg-dsl2q-user0@mailinator.com,Pass19word,DIVORCE,DIVORCE,55654a1a-f472-4f0c-a767-fee0704011ed,pforg-dsl2q,OKPZ0YD
pforg-atd6o-user0@mailinator.com,Pass19word,DIVORCE,DIVORCE,283e4b92-75de-4f3c-b6d3-3e3eb2ebefe3,pforg-atd6o,W3496W0
pforg-qhj8d-user0@mailinator.com,Pass19word,DIVORCE,DIVORCE,482c52bc-a8ad-4233-bfac-293a76831c5f,pforg-qhj8d,V9O6K53
pforg-oez1b-user0@mailinator.com,Pass19word,DIVORCE,DIVORCE,dfff610d-070e-425c-b5a3-74bbcce9300f,pforg-oez1b,S51VNV3
pforg-2g0x1-user0@mailinator.com,Pass19word,DIVORCE,DIVORCE,b9f59dc6-62dd-4d43-afa0-8e38c5858b9f,pforg-2g0x1,SDCKQBX
pforg-euwyl-user0@mailinator.com,Pass19word,DIVORCE,DIVORCE,a6cc18b9-885d-4718-9f76-f95f5371a303,pforg-euwyl,O3QQZ5L
pforg-4vepb-user0@mailinator.com,Pass19word,DIVORCE,DIVORCE,c3bc6c0f-7efd-4b9f-b3df-70221b6a3ed4,pforg-4vepb,BDMAS73
pforg-3ys6z-user0@mailinator.com,Pass19word,DIVORCE,DIVORCE,3459d20e-d3e0-4c1a-bf78-15a1f20808e9,pforg-3ys6z,QWXPBM4
pforg-liyu7-user0@mailinator.com,Pass19word,DIVORCE,DIVORCE,88116e90-3f68-4899-a4dc-e9a06c6e4d38,pforg-liyu7,P2UVR9F
pforg-5j7sq-user0@mailinator.com,Pass19word,DIVORCE,DIVORCE,f1d62587-807b-4dad-93b0-7c00202f34ad,pforg-5j7sq,69KEKYO
pforg-k98rz-user0@mailinator.com,Pass19word,DIVORCE,DIVORCE,1daf2e73-2475-4839-a7bc-48935141edd8,pforg-k98rz,IJRLDDT
pforg-p5kgu-user0@mailinator.com,Pass19word,DIVORCE,DIVORCE,854cecc8-48e0-40e8-9365-0fbff90807c6,pforg-p5kgu,8PVKYAQ
pforg-caun2-user0@mailinator.com,Pass19word,DIVORCE,DIVORCE,c3c29012-c635-4317-b99d-03ed9403d0d4,pforg-caun2,X1OGLUF
pforg-rfwqs-user0@mailinator.com,Pass19word,DIVORCE,DIVORCE,31365578-a5c0-4379-8647-abea046a5ab0,pforg-rfwqs,1TVRQBB
pforg-tagdd-user0@mailinator.com,Pass19word,DIVORCE,DIVORCE,e75d04d9-d845-421e-b123-e48aabf45e2c,pforg-tagdd,FVSV7LU