DivorceUserName,DivorceUserPassword,DVJurisdiction,DVCaseType
ccdloadtest601@gmail.com,Password12,DIVORCE,DIVORCE
ccdloadtest602@gmail.com,Password12,DIVORCE,DIVORCE
ccdloadtest603@gmail.com,Password12,DIVORCE,DIVORCE
ccdloadtest604@gmail.com,Password12,DIVORCE,DIVORCE
ccdloadtest605@gmail.com,Password12,DIVORCE,DIVORCE
ccdloadtest606@gmail.com,Password12,DIVORCE,DIVORCE
ccdloadtest607@gmail.com,Password12,DIVORCE,DIVORCE
ccdloadtest608@gmail.com,Password12,DIVORCE,DIVORCE
ccdloadtest609@gmail.com,Password12,DIVORCE,DIVORCE
ccdloadtest610@gmail.com,Password12,DIVORCE,DIVORCE
ccdloadtest611@gmail.com,Password12,DIVORCE,DIVORCE
ccdloadtest612@gmail.com,Password12,DIVORCE,DIVORCE
ccdloadtest613@gmail.com,Password12,DIVORCE,DIVORCE
ccdloadtest614@gmail.com,Password12,DIVORCE,DIVORCE
ccdloadtest615@gmail.com,Password12,DIVORCE,DIVORCE
ccdloadtest616@gmail.com,Password12,DIVORCE,DIVORCE
ccdloadtest617@gmail.com,Password12,DIVORCE,DIVORCE
ccdloadtest618@gmail.com,Password12,DIVORCE,DIVORCE
ccdloadtest619@gmail.com,Password12,DIVORCE,DIVORCE
ccdloadtest620@gmail.com,Password12,DIVORCE,DIVORCE
ccdloadtest621@gmail.com,Password12,DIVORCE,DIVORCE
ccdloadtest622@gmail.com,Password12,DIVORCE,DIVORCE
ccdloadtest623@gmail.com,Password12,DIVORCE,DIVORCE
ccdloadtest624@gmail.com,Password12,DIVORCE,DIVORCE
ccdloadtest625@gmail.com,Password12,DIVORCE,DIVORCE
ccdloadtest626@gmail.com,Password12,DIVORCE,DIVORCE
ccdloadtest627@gmail.com,Password12,DIVORCE,DIVORCE
ccdloadtest628@gmail.com,Password12,DIVORCE,DIVORCE
ccdloadtest629@gmail.com,Password12,DIVORCE,DIVORCE
ccdloadtest630@gmail.com,Password12,DIVORCE,DIVORCE
ccdloadtest631@gmail.com,Password12,DIVORCE,DIVORCE
ccdloadtest632@gmail.com,Password12,DIVORCE,DIVORCE
ccdloadtest633@gmail.com,Password12,DIVORCE,DIVORCE
ccdloadtest634@gmail.com,Password12,DIVORCE,DIVORCE
ccdloadtest635@gmail.com,Password12,DIVORCE,DIVORCE
ccdloadtest636@gmail.com,Password12,DIVORCE,DIVORCE
ccdloadtest637@gmail.com,Password12,DIVORCE,DIVORCE
ccdloadtest638@gmail.com,Password12,DIVORCE,DIVORCE
ccdloadtest639@gmail.com,Password12,DIVORCE,DIVORCE
ccdloadtest640@gmail.com,Password12,DIVORCE,DIVORCE
ccdloadtest641@gmail.com,Password12,DIVORCE,DIVORCE
ccdloadtest642@gmail.com,Password12,DIVORCE,DIVORCE
ccdloadtest643@gmail.com,Password12,DIVORCE,DIVORCE
ccdloadtest644@gmail.com,Password12,DIVORCE,DIVORCE
ccdloadtest645@gmail.com,Password12,DIVORCE,DIVORCE
ccdloadtest646@gmail.com,Password12,DIVORCE,DIVORCE
ccdloadtest647@gmail.com,Password12,DIVORCE,DIVORCE
ccdloadtest648@gmail.com,Password12,DIVORCE,DIVORCE
ccdloadtest649@gmail.com,Password12,DIVORCE,DIVORCE
ccdloadtest650@gmail.com,Password12,DIVORCE,DIVORCE
ccdloadtest651@gmail.com,Password12,DIVORCE,DIVORCE
ccdloadtest652@gmail.com,Password12,DIVORCE,DIVORCE
ccdloadtest653@gmail.com,Password12,DIVORCE,DIVORCE
ccdloadtest654@gmail.com,Password12,DIVORCE,DIVORCE
ccdloadtest655@gmail.com,Password12,DIVORCE,DIVORCE
ccdloadtest656@gmail.com,Password12,DIVORCE,DIVORCE
ccdloadtest657@gmail.com,Password12,DIVORCE,DIVORCE
ccdloadtest658@gmail.com,Password12,DIVORCE,DIVORCE
ccdloadtest659@gmail.com,Password12,DIVORCE,DIVORCE
ccdloadtest660@gmail.com,Password12,DIVORCE,DIVORCE
ccdloadtest661@gmail.com,Password12,DIVORCE,DIVORCE
ccdloadtest662@gmail.com,Password12,DIVORCE,DIVORCE
ccdloadtest663@gmail.com,Password12,DIVORCE,DIVORCE
ccdloadtest664@gmail.com,Password12,DIVORCE,DIVORCE
ccdloadtest665@gmail.com,Password12,DIVORCE,DIVORCE
ccdloadtest666@gmail.com,Password12,DIVORCE,DIVORCE
ccdloadtest667@gmail.com,Password12,DIVORCE,DIVORCE
ccdloadtest668@gmail.com,Password12,DIVORCE,DIVORCE
ccdloadtest669@gmail.com,Password12,DIVORCE,DIVORCE
ccdloadtest670@gmail.com,Password12,DIVORCE,DIVORCE
ccdloadtest671@gmail.com,Password12,DIVORCE,DIVORCE
ccdloadtest672@gmail.com,Password12,DIVORCE,DIVORCE
ccdloadtest673@gmail.com,Password12,DIVORCE,DIVORCE
ccdloadtest674@gmail.com,Password12,DIVORCE,DIVORCE
ccdloadtest675@gmail.com,Password12,DIVORCE,DIVORCE
ccdloadtest676@gmail.com,Password12,DIVORCE,DIVORCE
ccdloadtest677@gmail.com,Password12,DIVORCE,DIVORCE
ccdloadtest678@gmail.com,Password12,DIVORCE,DIVORCE
ccdloadtest679@gmail.com,Password12,DIVORCE,DIVORCE
ccdloadtest680@gmail.com,Password12,DIVORCE,DIVORCE
ccdloadtest681@gmail.com,Password12,DIVORCE,DIVORCE
ccdloadtest682@gmail.com,Password12,DIVORCE,DIVORCE
ccdloadtest683@gmail.com,Password12,DIVORCE,DIVORCE
ccdloadtest684@gmail.com,Password12,DIVORCE,DIVORCE
ccdloadtest685@gmail.com,Password12,DIVORCE,DIVORCE
ccdloadtest686@gmail.com,Password12,DIVORCE,DIVORCE
ccdloadtest687@gmail.com,Password12,DIVORCE,DIVORCE
ccdloadtest688@gmail.com,Password12,DIVORCE,DIVORCE
ccdloadtest689@gmail.com,Password12,DIVORCE,DIVORCE
ccdloadtest690@gmail.com,Password12,DIVORCE,DIVORCE
ccdloadtest691@gmail.com,Password12,DIVORCE,DIVORCE
ccdloadtest692@gmail.com,Password12,DIVORCE,DIVORCE
ccdloadtest693@gmail.com,Password12,DIVORCE,DIVORCE
ccdloadtest694@gmail.com,Password12,DIVORCE,DIVORCE
ccdloadtest695@gmail.com,Password12,DIVORCE,DIVORCE
ccdloadtest696@gmail.com,Password12,DIVORCE,DIVORCE
ccdloadtest697@gmail.com,Password12,DIVORCE,DIVORCE
ccdloadtest698@gmail.com,Password12,DIVORCE,DIVORCE
ccdloadtest699@gmail.com,Password12,DIVORCE,DIVORCE
ccdloadtest700@gmail.com,Password12,DIVORCE,DIVORCE
ccdloadtest701@gmail.com,Password12,DIVORCE,DIVORCE
ccdloadtest702@gmail.com,Password12,DIVORCE,DIVORCE
ccdloadtest703@gmail.com,Password12,DIVORCE,DIVORCE
ccdloadtest704@gmail.com,Password12,DIVORCE,DIVORCE
ccdloadtest705@gmail.com,Password12,DIVORCE,DIVORCE
ccdloadtest706@gmail.com,Password12,DIVORCE,DIVORCE
ccdloadtest707@gmail.com,Password12,DIVORCE,DIVORCE
ccdloadtest708@gmail.com,Password12,DIVORCE,DIVORCE
ccdloadtest709@gmail.com,Password12,DIVORCE,DIVORCE
ccdloadtest710@gmail.com,Password12,DIVORCE,DIVORCE
ccdloadtest711@gmail.com,Password12,DIVORCE,DIVORCE
ccdloadtest712@gmail.com,Password12,DIVORCE,DIVORCE
ccdloadtest713@gmail.com,Password12,DIVORCE,DIVORCE
ccdloadtest714@gmail.com,Password12,DIVORCE,DIVORCE
ccdloadtest715@gmail.com,Password12,DIVORCE,DIVORCE
ccdloadtest716@gmail.com,Password12,DIVORCE,DIVORCE
ccdloadtest717@gmail.com,Password12,DIVORCE,DIVORCE
ccdloadtest718@gmail.com,Password12,DIVORCE,DIVORCE
ccdloadtest719@gmail.com,Password12,DIVORCE,DIVORCE
ccdloadtest720@gmail.com,Password12,DIVORCE,DIVORCE
ccdloadtest721@gmail.com,Password12,DIVORCE,DIVORCE
ccdloadtest722@gmail.com,Password12,DIVORCE,DIVORCE
ccdloadtest723@gmail.com,Password12,DIVORCE,DIVORCE
ccdloadtest724@gmail.com,Password12,DIVORCE,DIVORCE
ccdloadtest725@gmail.com,Password12,DIVORCE,DIVORCE
ccdloadtest726@gmail.com,Password12,DIVORCE,DIVORCE
ccdloadtest727@gmail.com,Password12,DIVORCE,DIVORCE
ccdloadtest728@gmail.com,Password12,DIVORCE,DIVORCE
ccdloadtest729@gmail.com,Password12,DIVORCE,DIVORCE
ccdloadtest730@gmail.com,Password12,DIVORCE,DIVORCE
ccdloadtest731@gmail.com,Password12,DIVORCE,DIVORCE
ccdloadtest732@gmail.com,Password12,DIVORCE,DIVORCE
ccdloadtest733@gmail.com,Password12,DIVORCE,DIVORCE
ccdloadtest734@gmail.com,Password12,DIVORCE,DIVORCE
ccdloadtest735@gmail.com,Password12,DIVORCE,DIVORCE
ccdloadtest736@gmail.com,Password12,DIVORCE,DIVORCE
ccdloadtest737@gmail.com,Password12,DIVORCE,DIVORCE
ccdloadtest738@gmail.com,Password12,DIVORCE,DIVORCE
ccdloadtest739@gmail.com,Password12,DIVORCE,DIVORCE
ccdloadtest740@gmail.com,Password12,DIVORCE,DIVORCE
ccdloadtest741@gmail.com,Password12,DIVORCE,DIVORCE
ccdloadtest742@gmail.com,Password12,DIVORCE,DIVORCE
ccdloadtest743@gmail.com,Password12,DIVORCE,DIVORCE
ccdloadtest744@gmail.com,Password12,DIVORCE,DIVORCE
ccdloadtest745@gmail.com,Password12,DIVORCE,DIVORCE
ccdloadtest746@gmail.com,Password12,DIVORCE,DIVORCE
ccdloadtest747@gmail.com,Password12,DIVORCE,DIVORCE
ccdloadtest748@gmail.com,Password12,DIVORCE,DIVORCE
ccdloadtest749@gmail.com,Password12,DIVORCE,DIVORCE
ccdloadtest750@gmail.com,Password12,DIVORCE,DIVORCE
robreallywantsccdaccess@mailinator.com,Testing1234