EthosUserName,EthosUserPassword,EthosJurisdiction,EthosCaseType
ccdloadtest4501@gmail.com,Password12,EMPLOYMENT,Leeds
ccdloadtest4502@gmail.com,Password12,EMPLOYMENT,Leeds
ccdloadtest4503@gmail.com,Password12,EMPLOYMENT,Leeds
ccdloadtest4504@gmail.com,Password12,EMPLOYMENT,Leeds
ccdloadtest4505@gmail.com,Password12,EMPLOYMENT,Leeds
ccdloadtest4506@gmail.com,Password12,EMPLOYMENT,Leeds
ccdloadtest4507@gmail.com,Password12,EMPLOYMENT,Leeds
ccdloadtest4508@gmail.com,Password12,EMPLOYMENT,Leeds
ccdloadtest4509@gmail.com,Password12,EMPLOYMENT,Leeds
ccdloadtest4510@gmail.com,Password12,EMPLOYMENT,Leeds
ccdloadtest4511@gmail.com,Password12,EMPLOYMENT,Leeds
ccdloadtest4512@gmail.com,Password12,EMPLOYMENT,Leeds
ccdloadtest4513@gmail.com,Password12,EMPLOYMENT,Leeds
ccdloadtest4514@gmail.com,Password12,EMPLOYMENT,Leeds
ccdloadtest4515@gmail.com,Password12,EMPLOYMENT,Leeds
ccdloadtest4516@gmail.com,Password12,EMPLOYMENT,Leeds
ccdloadtest4517@gmail.com,Password12,EMPLOYMENT,Leeds
ccdloadtest4518@gmail.com,Password12,EMPLOYMENT,Leeds
ccdloadtest4519@gmail.com,Password12,EMPLOYMENT,Leeds
ccdloadtest4520@gmail.com,Password12,EMPLOYMENT,Leeds
ccdloadtest4521@gmail.com,Password12,EMPLOYMENT,Leeds
ccdloadtest4522@gmail.com,Password12,EMPLOYMENT,Leeds
ccdloadtest4523@gmail.com,Password12,EMPLOYMENT,Leeds
ccdloadtest4524@gmail.com,Password12,EMPLOYMENT,Leeds
ccdloadtest4525@gmail.com,Password12,EMPLOYMENT,Leeds
ccdloadtest4526@gmail.com,Password12,EMPLOYMENT,Leeds
ccdloadtest4527@gmail.com,Password12,EMPLOYMENT,Leeds
ccdloadtest4528@gmail.com,Password12,EMPLOYMENT,Leeds
ccdloadtest4529@gmail.com,Password12,EMPLOYMENT,Leeds
ccdloadtest4530@gmail.com,Password12,EMPLOYMENT,Leeds
ccdloadtest4531@gmail.com,Password12,EMPLOYMENT,Leeds
ccdloadtest4532@gmail.com,Password12,EMPLOYMENT,Leeds
ccdloadtest4533@gmail.com,Password12,EMPLOYMENT,Leeds
ccdloadtest4534@gmail.com,Password12,EMPLOYMENT,Leeds
ccdloadtest4535@gmail.com,Password12,EMPLOYMENT,Leeds
ccdloadtest4536@gmail.com,Password12,EMPLOYMENT,Leeds
ccdloadtest4537@gmail.com,Password12,EMPLOYMENT,Leeds
ccdloadtest4538@gmail.com,Password12,EMPLOYMENT,Leeds
ccdloadtest4539@gmail.com,Password12,EMPLOYMENT,Leeds
ccdloadtest4540@gmail.com,Password12,EMPLOYMENT,Leeds
ccdloadtest4541@gmail.com,Password12,EMPLOYMENT,Leeds
ccdloadtest4542@gmail.com,Password12,EMPLOYMENT,Leeds
ccdloadtest4543@gmail.com,Password12,EMPLOYMENT,Leeds
ccdloadtest4544@gmail.com,Password12,EMPLOYMENT,Leeds
ccdloadtest4545@gmail.com,Password12,EMPLOYMENT,Leeds
ccdloadtest4546@gmail.com,Password12,EMPLOYMENT,Leeds
ccdloadtest4547@gmail.com,Password12,EMPLOYMENT,Leeds
ccdloadtest4548@gmail.com,Password12,EMPLOYMENT,Leeds
ccdloadtest4549@gmail.com,Password12,EMPLOYMENT,Leeds
ccdloadtest4550@gmail.com,Password12,EMPLOYMENT,Leeds
ccdloadtest4551@gmail.com,Password12,EMPLOYMENT,Leeds
ccdloadtest4552@gmail.com,Password12,EMPLOYMENT,Leeds
ccdloadtest4553@gmail.com,Password12,EMPLOYMENT,Leeds
ccdloadtest4554@gmail.com,Password12,EMPLOYMENT,Leeds
ccdloadtest4555@gmail.com,Password12,EMPLOYMENT,Leeds
ccdloadtest4556@gmail.com,Password12,EMPLOYMENT,Leeds
ccdloadtest4557@gmail.com,Password12,EMPLOYMENT,Leeds
ccdloadtest4558@gmail.com,Password12,EMPLOYMENT,Leeds
ccdloadtest4559@gmail.com,Password12,EMPLOYMENT,Leeds
ccdloadtest4560@gmail.com,Password12,EMPLOYMENT,Leeds
ccdloadtest4561@gmail.com,Password12,EMPLOYMENT,Leeds
ccdloadtest4562@gmail.com,Password12,EMPLOYMENT,Leeds
ccdloadtest4563@gmail.com,Password12,EMPLOYMENT,Leeds
ccdloadtest4564@gmail.com,Password12,EMPLOYMENT,Leeds
ccdloadtest4565@gmail.com,Password12,EMPLOYMENT,Leeds
ccdloadtest4566@gmail.com,Password12,EMPLOYMENT,Leeds
ccdloadtest4567@gmail.com,Password12,EMPLOYMENT,Leeds
ccdloadtest4568@gmail.com,Password12,EMPLOYMENT,Leeds
ccdloadtest4569@gmail.com,Password12,EMPLOYMENT,Leeds
ccdloadtest4570@gmail.com,Password12,EMPLOYMENT,Leeds
ccdloadtest4571@gmail.com,Password12,EMPLOYMENT,Leeds
ccdloadtest4572@gmail.com,Password12,EMPLOYMENT,Leeds
ccdloadtest4573@gmail.com,Password12,EMPLOYMENT,Leeds
ccdloadtest4574@gmail.com,Password12,EMPLOYMENT,Leeds
ccdloadtest4575@gmail.com,Password12,EMPLOYMENT,Leeds
ccdloadtest4576@gmail.com,Password12,EMPLOYMENT,Leeds
ccdloadtest4577@gmail.com,Password12,EMPLOYMENT,Leeds
ccdloadtest4578@gmail.com,Password12,EMPLOYMENT,Leeds
ccdloadtest4579@gmail.com,Password12,EMPLOYMENT,Leeds
ccdloadtest4580@gmail.com,Password12,EMPLOYMENT,Leeds
ccdloadtest4581@gmail.com,Password12,EMPLOYMENT,Leeds
ccdloadtest4582@gmail.com,Password12,EMPLOYMENT,Leeds
ccdloadtest4583@gmail.com,Password12,EMPLOYMENT,Leeds
ccdloadtest4584@gmail.com,Password12,EMPLOYMENT,Leeds
ccdloadtest4585@gmail.com,Password12,EMPLOYMENT,Leeds
ccdloadtest4586@gmail.com,Password12,EMPLOYMENT,Leeds
ccdloadtest4587@gmail.com,Password12,EMPLOYMENT,Leeds
ccdloadtest4588@gmail.com,Password12,EMPLOYMENT,Leeds
ccdloadtest4589@gmail.com,Password12,EMPLOYMENT,Leeds
ccdloadtest4590@gmail.com,Password12,EMPLOYMENT,Leeds
ccdloadtest4591@gmail.com,Password12,EMPLOYMENT,Leeds
ccdloadtest4592@gmail.com,Password12,EMPLOYMENT,Leeds
ccdloadtest4593@gmail.com,Password12,EMPLOYMENT,Leeds
ccdloadtest4594@gmail.com,Password12,EMPLOYMENT,Leeds
ccdloadtest4595@gmail.com,Password12,EMPLOYMENT,Leeds
ccdloadtest4596@gmail.com,Password12,EMPLOYMENT,Leeds
ccdloadtest4597@gmail.com,Password12,EMPLOYMENT,Leeds
ccdloadtest4598@gmail.com,Password12,EMPLOYMENT,Leeds
ccdloadtest4599@gmail.com,Password12,EMPLOYMENT,Leeds
ccdloadtest4600@gmail.com,Password12,EMPLOYMENT,Leeds
ccdloadtest4601@gmail.com,Password12,EMPLOYMENT,Leeds
ccdloadtest4602@gmail.com,Password12,EMPLOYMENT,Leeds
ccdloadtest4603@gmail.com,Password12,EMPLOYMENT,Leeds
ccdloadtest4604@gmail.com,Password12,EMPLOYMENT,Leeds
ccdloadtest4605@gmail.com,Password12,EMPLOYMENT,Leeds
ccdloadtest4606@gmail.com,Password12,EMPLOYMENT,Leeds
ccdloadtest4607@gmail.com,Password12,EMPLOYMENT,Leeds
ccdloadtest4608@gmail.com,Password12,EMPLOYMENT,Leeds
ccdloadtest4609@gmail.com,Password12,EMPLOYMENT,Leeds
ccdloadtest4610@gmail.com,Password12,EMPLOYMENT,Leeds
ccdloadtest4611@gmail.com,Password12,EMPLOYMENT,Leeds
ccdloadtest4612@gmail.com,Password12,EMPLOYMENT,Leeds
ccdloadtest4613@gmail.com,Password12,EMPLOYMENT,Leeds
ccdloadtest4614@gmail.com,Password12,EMPLOYMENT,Leeds
ccdloadtest4615@gmail.com,Password12,EMPLOYMENT,Leeds
ccdloadtest4616@gmail.com,Password12,EMPLOYMENT,Leeds
ccdloadtest4617@gmail.com,Password12,EMPLOYMENT,Leeds
ccdloadtest4618@gmail.com,Password12,EMPLOYMENT,Leeds
ccdloadtest4619@gmail.com,Password12,EMPLOYMENT,Leeds
ccdloadtest4620@gmail.com,Password12,EMPLOYMENT,Leeds
ccdloadtest4621@gmail.com,Password12,EMPLOYMENT,Leeds
ccdloadtest4622@gmail.com,Password12,EMPLOYMENT,Leeds
ccdloadtest4623@gmail.com,Password12,EMPLOYMENT,Leeds
ccdloadtest4624@gmail.com,Password12,EMPLOYMENT,Leeds
ccdloadtest4625@gmail.com,Password12,EMPLOYMENT,Leeds
ccdloadtest4626@gmail.com,Password12,EMPLOYMENT,Leeds
ccdloadtest4627@gmail.com,Password12,EMPLOYMENT,Leeds
ccdloadtest4628@gmail.com,Password12,EMPLOYMENT,Leeds
ccdloadtest4629@gmail.com,Password12,EMPLOYMENT,Leeds
ccdloadtest4630@gmail.com,Password12,EMPLOYMENT,Leeds
ccdloadtest4631@gmail.com,Password12,EMPLOYMENT,Leeds
ccdloadtest4632@gmail.com,Password12,EMPLOYMENT,Leeds
ccdloadtest4633@gmail.com,Password12,EMPLOYMENT,Leeds
ccdloadtest4634@gmail.com,Password12,EMPLOYMENT,Leeds
ccdloadtest4635@gmail.com,Password12,EMPLOYMENT,Leeds
ccdloadtest4636@gmail.com,Password12,EMPLOYMENT,Leeds
ccdloadtest4637@gmail.com,Password12,EMPLOYMENT,Leeds
ccdloadtest4638@gmail.com,Password12,EMPLOYMENT,Leeds
ccdloadtest4639@gmail.com,Password12,EMPLOYMENT,Leeds
ccdloadtest4640@gmail.com,Password12,EMPLOYMENT,Leeds
ccdloadtest4641@gmail.com,Password12,EMPLOYMENT,Leeds
ccdloadtest4642@gmail.com,Password12,EMPLOYMENT,Leeds
ccdloadtest4643@gmail.com,Password12,EMPLOYMENT,Leeds
ccdloadtest4644@gmail.com,Password12,EMPLOYMENT,Leeds
ccdloadtest4645@gmail.com,Password12,EMPLOYMENT,Leeds
ccdloadtest4646@gmail.com,Password12,EMPLOYMENT,Leeds
ccdloadtest4647@gmail.com,Password12,EMPLOYMENT,Leeds
ccdloadtest4648@gmail.com,Password12,EMPLOYMENT,Leeds
ccdloadtest4649@gmail.com,Password12,EMPLOYMENT,Leeds
ccdloadtest4650@gmail.com,Password12,EMPLOYMENT,Leeds
ccdloadtest4651@gmail.com,Password12,EMPLOYMENT,Leeds
ccdloadtest4652@gmail.com,Password12,EMPLOYMENT,Leeds
ccdloadtest4653@gmail.com,Password12,EMPLOYMENT,Leeds
ccdloadtest4654@gmail.com,Password12,EMPLOYMENT,Leeds
ccdloadtest4655@gmail.com,Password12,EMPLOYMENT,Leeds
ccdloadtest4656@gmail.com,Password12,EMPLOYMENT,Leeds
ccdloadtest4657@gmail.com,Password12,EMPLOYMENT,Leeds
ccdloadtest4658@gmail.com,Password12,EMPLOYMENT,Leeds
ccdloadtest4659@gmail.com,Password12,EMPLOYMENT,Leeds
ccdloadtest4660@gmail.com,Password12,EMPLOYMENT,Leeds
ccdloadtest4661@gmail.com,Password12,EMPLOYMENT,Leeds
ccdloadtest4662@gmail.com,Password12,EMPLOYMENT,Leeds
ccdloadtest4663@gmail.com,Password12,EMPLOYMENT,Leeds
ccdloadtest4664@gmail.com,Password12,EMPLOYMENT,Leeds
ccdloadtest4665@gmail.com,Password12,EMPLOYMENT,Leeds
ccdloadtest4666@gmail.com,Password12,EMPLOYMENT,Leeds
ccdloadtest4667@gmail.com,Password12,EMPLOYMENT,Leeds
ccdloadtest4668@gmail.com,Password12,EMPLOYMENT,Leeds
ccdloadtest4669@gmail.com,Password12,EMPLOYMENT,Leeds
ccdloadtest4670@gmail.com,Password12,EMPLOYMENT,Leeds
ccdloadtest4671@gmail.com,Password12,EMPLOYMENT,Leeds
ccdloadtest4672@gmail.com,Password12,EMPLOYMENT,Leeds
ccdloadtest4673@gmail.com,Password12,EMPLOYMENT,Leeds
ccdloadtest4674@gmail.com,Password12,EMPLOYMENT,Leeds
ccdloadtest4675@gmail.com,Password12,EMPLOYMENT,Leeds
ccdloadtest4676@gmail.com,Password12,EMPLOYMENT,Leeds
ccdloadtest4677@gmail.com,Password12,EMPLOYMENT,Leeds
ccdloadtest4678@gmail.com,Password12,EMPLOYMENT,Leeds
ccdloadtest4679@gmail.com,Password12,EMPLOYMENT,Leeds
ccdloadtest4680@gmail.com,Password12,EMPLOYMENT,Leeds
ccdloadtest4681@gmail.com,Password12,EMPLOYMENT,Leeds
ccdloadtest4682@gmail.com,Password12,EMPLOYMENT,Leeds
ccdloadtest4683@gmail.com,Password12,EMPLOYMENT,Leeds
ccdloadtest4684@gmail.com,Password12,EMPLOYMENT,Leeds
ccdloadtest4685@gmail.com,Password12,EMPLOYMENT,Leeds
ccdloadtest4686@gmail.com,Password12,EMPLOYMENT,Leeds
ccdloadtest4687@gmail.com,Password12,EMPLOYMENT,Leeds
ccdloadtest4688@gmail.com,Password12,EMPLOYMENT,Leeds
ccdloadtest4689@gmail.com,Password12,EMPLOYMENT,Leeds
ccdloadtest4690@gmail.com,Password12,EMPLOYMENT,Leeds
ccdloadtest4691@gmail.com,Password12,EMPLOYMENT,Leeds
ccdloadtest4692@gmail.com,Password12,EMPLOYMENT,Leeds
ccdloadtest4693@gmail.com,Password12,EMPLOYMENT,Leeds
ccdloadtest4694@gmail.com,Password12,EMPLOYMENT,Leeds
ccdloadtest4695@gmail.com,Password12,EMPLOYMENT,Leeds
ccdloadtest4696@gmail.com,Password12,EMPLOYMENT,Leeds
ccdloadtest4697@gmail.com,Password12,EMPLOYMENT,Leeds
ccdloadtest4698@gmail.com,Password12,EMPLOYMENT,Leeds
ccdloadtest4699@gmail.com,Password12,EMPLOYMENT,Leeds
ccdloadtest4700@gmail.com,Password12,EMPLOYMENT,Leeds
ccdloadtest4701@gmail.com,Password12,EMPLOYMENT,Leeds
ccdloadtest4702@gmail.com,Password12,EMPLOYMENT,Leeds
ccdloadtest4703@gmail.com,Password12,EMPLOYMENT,Leeds
ccdloadtest4704@gmail.com,Password12,EMPLOYMENT,Leeds
ccdloadtest4705@gmail.com,Password12,EMPLOYMENT,Leeds
ccdloadtest4706@gmail.com,Password12,EMPLOYMENT,Leeds
ccdloadtest4707@gmail.com,Password12,EMPLOYMENT,Leeds
ccdloadtest4708@gmail.com,Password12,EMPLOYMENT,Leeds
ccdloadtest4709@gmail.com,Password12,EMPLOYMENT,Leeds
ccdloadtest4710@gmail.com,Password12,EMPLOYMENT,Leeds
ccdloadtest4711@gmail.com,Password12,EMPLOYMENT,Leeds
ccdloadtest4712@gmail.com,Password12,EMPLOYMENT,Leeds
ccdloadtest4713@gmail.com,Password12,EMPLOYMENT,Leeds
ccdloadtest4714@gmail.com,Password12,EMPLOYMENT,Leeds
ccdloadtest4715@gmail.com,Password12,EMPLOYMENT,Leeds
ccdloadtest4716@gmail.com,Password12,EMPLOYMENT,Leeds
ccdloadtest4717@gmail.com,Password12,EMPLOYMENT,Leeds
ccdloadtest4718@gmail.com,Password12,EMPLOYMENT,Leeds
ccdloadtest4719@gmail.com,Password12,EMPLOYMENT,Leeds
ccdloadtest4720@gmail.com,Password12,EMPLOYMENT,Leeds
ccdloadtest4721@gmail.com,Password12,EMPLOYMENT,Leeds
ccdloadtest4722@gmail.com,Password12,EMPLOYMENT,Leeds
ccdloadtest4723@gmail.com,Password12,EMPLOYMENT,Leeds
ccdloadtest4724@gmail.com,Password12,EMPLOYMENT,Leeds
ccdloadtest4725@gmail.com,Password12,EMPLOYMENT,Leeds
ccdloadtest4726@gmail.com,Password12,EMPLOYMENT,Leeds
ccdloadtest4727@gmail.com,Password12,EMPLOYMENT,Leeds
ccdloadtest4728@gmail.com,Password12,EMPLOYMENT,Leeds
ccdloadtest4729@gmail.com,Password12,EMPLOYMENT,Leeds
ccdloadtest4730@gmail.com,Password12,EMPLOYMENT,Leeds
ccdloadtest4731@gmail.com,Password12,EMPLOYMENT,Leeds
ccdloadtest4732@gmail.com,Password12,EMPLOYMENT,Leeds
ccdloadtest4733@gmail.com,Password12,EMPLOYMENT,Leeds
ccdloadtest4734@gmail.com,Password12,EMPLOYMENT,Leeds
ccdloadtest4735@gmail.com,Password12,EMPLOYMENT,Leeds
ccdloadtest4736@gmail.com,Password12,EMPLOYMENT,Leeds
ccdloadtest4737@gmail.com,Password12,EMPLOYMENT,Leeds
ccdloadtest4738@gmail.com,Password12,EMPLOYMENT,Leeds
ccdloadtest4739@gmail.com,Password12,EMPLOYMENT,Leeds
ccdloadtest4740@gmail.com,Password12,EMPLOYMENT,Leeds
ccdloadtest4741@gmail.com,Password12,EMPLOYMENT,Leeds
ccdloadtest4742@gmail.com,Password12,EMPLOYMENT,Leeds
ccdloadtest4743@gmail.com,Password12,EMPLOYMENT,Leeds
ccdloadtest4744@gmail.com,Password12,EMPLOYMENT,Leeds
ccdloadtest4745@gmail.com,Password12,EMPLOYMENT,Leeds
ccdloadtest4746@gmail.com,Password12,EMPLOYMENT,Leeds
ccdloadtest4747@gmail.com,Password12,EMPLOYMENT,Leeds
ccdloadtest4748@gmail.com,Password12,EMPLOYMENT,Leeds
ccdloadtest4749@gmail.com,Password12,EMPLOYMENT,Leeds
ccdloadtest4750@gmail.com,Password12,EMPLOYMENT,Leeds
ccdloadtest4751@gmail.com,Password12,EMPLOYMENT,Leeds
ccdloadtest4752@gmail.com,Password12,EMPLOYMENT,Leeds
ccdloadtest4753@gmail.com,Password12,EMPLOYMENT,Leeds
ccdloadtest4754@gmail.com,Password12,EMPLOYMENT,Leeds
ccdloadtest4755@gmail.com,Password12,EMPLOYMENT,Leeds
ccdloadtest4756@gmail.com,Password12,EMPLOYMENT,Leeds
ccdloadtest4757@gmail.com,Password12,EMPLOYMENT,Leeds
ccdloadtest4758@gmail.com,Password12,EMPLOYMENT,Leeds
ccdloadtest4759@gmail.com,Password12,EMPLOYMENT,Leeds
ccdloadtest4760@gmail.com,Password12,EMPLOYMENT,Leeds
ccdloadtest4761@gmail.com,Password12,EMPLOYMENT,Leeds
ccdloadtest4762@gmail.com,Password12,EMPLOYMENT,Leeds
ccdloadtest4763@gmail.com,Password12,EMPLOYMENT,Leeds
ccdloadtest4764@gmail.com,Password12,EMPLOYMENT,Leeds
ccdloadtest4765@gmail.com,Password12,EMPLOYMENT,Leeds
ccdloadtest4766@gmail.com,Password12,EMPLOYMENT,Leeds
ccdloadtest4767@gmail.com,Password12,EMPLOYMENT,Leeds
ccdloadtest4768@gmail.com,Password12,EMPLOYMENT,Leeds
ccdloadtest4769@gmail.com,Password12,EMPLOYMENT,Leeds
ccdloadtest4770@gmail.com,Password12,EMPLOYMENT,Leeds
ccdloadtest4771@gmail.com,Password12,EMPLOYMENT,Leeds
ccdloadtest4772@gmail.com,Password12,EMPLOYMENT,Leeds
ccdloadtest4773@gmail.com,Password12,EMPLOYMENT,Leeds
ccdloadtest4774@gmail.com,Password12,EMPLOYMENT,Leeds
ccdloadtest4775@gmail.com,Password12,EMPLOYMENT,Leeds
ccdloadtest4776@gmail.com,Password12,EMPLOYMENT,Leeds
ccdloadtest4777@gmail.com,Password12,EMPLOYMENT,Leeds
ccdloadtest4778@gmail.com,Password12,EMPLOYMENT,Leeds
ccdloadtest4779@gmail.com,Password12,EMPLOYMENT,Leeds
ccdloadtest4780@gmail.com,Password12,EMPLOYMENT,Leeds
ccdloadtest4781@gmail.com,Password12,EMPLOYMENT,Leeds
ccdloadtest4782@gmail.com,Password12,EMPLOYMENT,Leeds
ccdloadtest4783@gmail.com,Password12,EMPLOYMENT,Leeds
ccdloadtest4784@gmail.com,Password12,EMPLOYMENT,Leeds
ccdloadtest4785@gmail.com,Password12,EMPLOYMENT,Leeds
ccdloadtest4786@gmail.com,Password12,EMPLOYMENT,Leeds
ccdloadtest4787@gmail.com,Password12,EMPLOYMENT,Leeds
ccdloadtest4788@gmail.com,Password12,EMPLOYMENT,Leeds
ccdloadtest4789@gmail.com,Password12,EMPLOYMENT,Leeds
ccdloadtest4790@gmail.com,Password12,EMPLOYMENT,Leeds
ccdloadtest4791@gmail.com,Password12,EMPLOYMENT,Leeds
ccdloadtest4792@gmail.com,Password12,EMPLOYMENT,Leeds
ccdloadtest4793@gmail.com,Password12,EMPLOYMENT,Leeds
ccdloadtest4794@gmail.com,Password12,EMPLOYMENT,Leeds
ccdloadtest4795@gmail.com,Password12,EMPLOYMENT,Leeds
ccdloadtest4796@gmail.com,Password12,EMPLOYMENT,Leeds
ccdloadtest4797@gmail.com,Password12,EMPLOYMENT,Leeds
ccdloadtest4798@gmail.com,Password12,EMPLOYMENT,Leeds
ccdloadtest4799@gmail.com,Password12,EMPLOYMENT,Leeds
ccdloadtest4800@gmail.com,Password12,EMPLOYMENT,Leeds
ccdloadtest4801@gmail.com,Password12,EMPLOYMENT,Leeds
ccdloadtest4802@gmail.com,Password12,EMPLOYMENT,Leeds
ccdloadtest4803@gmail.com,Password12,EMPLOYMENT,Leeds
ccdloadtest4804@gmail.com,Password12,EMPLOYMENT,Leeds
ccdloadtest4805@gmail.com,Password12,EMPLOYMENT,Leeds
ccdloadtest4806@gmail.com,Password12,EMPLOYMENT,Leeds
ccdloadtest4807@gmail.com,Password12,EMPLOYMENT,Leeds
ccdloadtest4808@gmail.com,Password12,EMPLOYMENT,Leeds
ccdloadtest4809@gmail.com,Password12,EMPLOYMENT,Leeds
ccdloadtest4810@gmail.com,Password12,EMPLOYMENT,Leeds
ccdloadtest4811@gmail.com,Password12,EMPLOYMENT,Leeds
ccdloadtest4812@gmail.com,Password12,EMPLOYMENT,Leeds
ccdloadtest4813@gmail.com,Password12,EMPLOYMENT,Leeds
ccdloadtest4814@gmail.com,Password12,EMPLOYMENT,Leeds
ccdloadtest4815@gmail.com,Password12,EMPLOYMENT,Leeds
ccdloadtest4816@gmail.com,Password12,EMPLOYMENT,Leeds
ccdloadtest4817@gmail.com,Password12,EMPLOYMENT,Leeds
ccdloadtest4818@gmail.com,Password12,EMPLOYMENT,Leeds
ccdloadtest4819@gmail.com,Password12,EMPLOYMENT,Leeds
ccdloadtest4820@gmail.com,Password12,EMPLOYMENT,Leeds
ccdloadtest4821@gmail.com,Password12,EMPLOYMENT,Leeds
ccdloadtest4822@gmail.com,Password12,EMPLOYMENT,Leeds
ccdloadtest4823@gmail.com,Password12,EMPLOYMENT,Leeds
ccdloadtest4824@gmail.com,Password12,EMPLOYMENT,Leeds
ccdloadtest4825@gmail.com,Password12,EMPLOYMENT,Leeds
ccdloadtest4826@gmail.com,Password12,EMPLOYMENT,Leeds
ccdloadtest4827@gmail.com,Password12,EMPLOYMENT,Leeds
ccdloadtest4828@gmail.com,Password12,EMPLOYMENT,Leeds
ccdloadtest4829@gmail.com,Password12,EMPLOYMENT,Leeds
ccdloadtest4830@gmail.com,Password12,EMPLOYMENT,Leeds
ccdloadtest4831@gmail.com,Password12,EMPLOYMENT,Leeds
ccdloadtest4832@gmail.com,Password12,EMPLOYMENT,Leeds
ccdloadtest4833@gmail.com,Password12,EMPLOYMENT,Leeds
ccdloadtest4834@gmail.com,Password12,EMPLOYMENT,Leeds
ccdloadtest4835@gmail.com,Password12,EMPLOYMENT,Leeds
ccdloadtest4836@gmail.com,Password12,EMPLOYMENT,Leeds
ccdloadtest4837@gmail.com,Password12,EMPLOYMENT,Leeds
ccdloadtest4838@gmail.com,Password12,EMPLOYMENT,Leeds
ccdloadtest4839@gmail.com,Password12,EMPLOYMENT,Leeds
ccdloadtest4840@gmail.com,Password12,EMPLOYMENT,Leeds
ccdloadtest4841@gmail.com,Password12,EMPLOYMENT,Leeds
ccdloadtest4842@gmail.com,Password12,EMPLOYMENT,Leeds
ccdloadtest4843@gmail.com,Password12,EMPLOYMENT,Leeds
ccdloadtest4844@gmail.com,Password12,EMPLOYMENT,Leeds
ccdloadtest4845@gmail.com,Password12,EMPLOYMENT,Leeds
ccdloadtest4846@gmail.com,Password12,EMPLOYMENT,Leeds
ccdloadtest4847@gmail.com,Password12,EMPLOYMENT,Leeds
ccdloadtest4848@gmail.com,Password12,EMPLOYMENT,Leeds
ccdloadtest4849@gmail.com,Password12,EMPLOYMENT,Leeds
ccdloadtest4850@gmail.com,Password12,EMPLOYMENT,Leeds
ccdloadtest4851@gmail.com,Password12,EMPLOYMENT,Leeds
ccdloadtest4852@gmail.com,Password12,EMPLOYMENT,Leeds
ccdloadtest4853@gmail.com,Password12,EMPLOYMENT,Leeds
ccdloadtest4854@gmail.com,Password12,EMPLOYMENT,Leeds
ccdloadtest4855@gmail.com,Password12,EMPLOYMENT,Leeds
ccdloadtest4856@gmail.com,Password12,EMPLOYMENT,Leeds
ccdloadtest4857@gmail.com,Password12,EMPLOYMENT,Leeds
ccdloadtest4858@gmail.com,Password12,EMPLOYMENT,Leeds
ccdloadtest4859@gmail.com,Password12,EMPLOYMENT,Leeds
ccdloadtest4860@gmail.com,Password12,EMPLOYMENT,Leeds
ccdloadtest4861@gmail.com,Password12,EMPLOYMENT,Leeds
ccdloadtest4862@gmail.com,Password12,EMPLOYMENT,Leeds
ccdloadtest4863@gmail.com,Password12,EMPLOYMENT,Leeds
ccdloadtest4864@gmail.com,Password12,EMPLOYMENT,Leeds
ccdloadtest4865@gmail.com,Password12,EMPLOYMENT,Leeds
ccdloadtest4866@gmail.com,Password12,EMPLOYMENT,Leeds
ccdloadtest4867@gmail.com,Password12,EMPLOYMENT,Leeds
ccdloadtest4868@gmail.com,Password12,EMPLOYMENT,Leeds
ccdloadtest4869@gmail.com,Password12,EMPLOYMENT,Leeds
ccdloadtest4870@gmail.com,Password12,EMPLOYMENT,Leeds
ccdloadtest4871@gmail.com,Password12,EMPLOYMENT,Leeds
ccdloadtest4872@gmail.com,Password12,EMPLOYMENT,Leeds
ccdloadtest4873@gmail.com,Password12,EMPLOYMENT,Leeds
ccdloadtest4874@gmail.com,Password12,EMPLOYMENT,Leeds
ccdloadtest4875@gmail.com,Password12,EMPLOYMENT,Leeds
ccdloadtest4876@gmail.com,Password12,EMPLOYMENT,Leeds
ccdloadtest4877@gmail.com,Password12,EMPLOYMENT,Leeds
ccdloadtest4878@gmail.com,Password12,EMPLOYMENT,Leeds
ccdloadtest4879@gmail.com,Password12,EMPLOYMENT,Leeds
ccdloadtest4880@gmail.com,Password12,EMPLOYMENT,Leeds
ccdloadtest4881@gmail.com,Password12,EMPLOYMENT,Leeds
ccdloadtest4882@gmail.com,Password12,EMPLOYMENT,Leeds
ccdloadtest4883@gmail.com,Password12,EMPLOYMENT,Leeds
ccdloadtest4884@gmail.com,Password12,EMPLOYMENT,Leeds
ccdloadtest4885@gmail.com,Password12,EMPLOYMENT,Leeds
ccdloadtest4886@gmail.com,Password12,EMPLOYMENT,Leeds
ccdloadtest4887@gmail.com,Password12,EMPLOYMENT,Leeds
ccdloadtest4888@gmail.com,Password12,EMPLOYMENT,Leeds
ccdloadtest4889@gmail.com,Password12,EMPLOYMENT,Leeds
ccdloadtest4890@gmail.com,Password12,EMPLOYMENT,Leeds
ccdloadtest4891@gmail.com,Password12,EMPLOYMENT,Leeds
ccdloadtest4892@gmail.com,Password12,EMPLOYMENT,Leeds
ccdloadtest4893@gmail.com,Password12,EMPLOYMENT,Leeds
ccdloadtest4894@gmail.com,Password12,EMPLOYMENT,Leeds
ccdloadtest4895@gmail.com,Password12,EMPLOYMENT,Leeds
ccdloadtest4896@gmail.com,Password12,EMPLOYMENT,Leeds
ccdloadtest4897@gmail.com,Password12,EMPLOYMENT,Leeds
ccdloadtest4898@gmail.com,Password12,EMPLOYMENT,Leeds
ccdloadtest4899@gmail.com,Password12,EMPLOYMENT,Leeds
ccdloadtest4900@gmail.com,Password12,EMPLOYMENT,Leeds
ccdloadtest4901@gmail.com,Password12,EMPLOYMENT,Leeds
ccdloadtest4902@gmail.com,Password12,EMPLOYMENT,Leeds
ccdloadtest4903@gmail.com,Password12,EMPLOYMENT,Leeds
ccdloadtest4904@gmail.com,Password12,EMPLOYMENT,Leeds
ccdloadtest4905@gmail.com,Password12,EMPLOYMENT,Leeds
ccdloadtest4906@gmail.com,Password12,EMPLOYMENT,Leeds
ccdloadtest4907@gmail.com,Password12,EMPLOYMENT,Leeds
ccdloadtest4908@gmail.com,Password12,EMPLOYMENT,Leeds
ccdloadtest4909@gmail.com,Password12,EMPLOYMENT,Leeds
ccdloadtest4910@gmail.com,Password12,EMPLOYMENT,Leeds
ccdloadtest4911@gmail.com,Password12,EMPLOYMENT,Leeds
ccdloadtest4912@gmail.com,Password12,EMPLOYMENT,Leeds
ccdloadtest4913@gmail.com,Password12,EMPLOYMENT,Leeds
ccdloadtest4914@gmail.com,Password12,EMPLOYMENT,Leeds
ccdloadtest4915@gmail.com,Password12,EMPLOYMENT,Leeds
ccdloadtest4916@gmail.com,Password12,EMPLOYMENT,Leeds
ccdloadtest4917@gmail.com,Password12,EMPLOYMENT,Leeds
ccdloadtest4918@gmail.com,Password12,EMPLOYMENT,Leeds
ccdloadtest4919@gmail.com,Password12,EMPLOYMENT,Leeds
ccdloadtest4920@gmail.com,Password12,EMPLOYMENT,Leeds
ccdloadtest4921@gmail.com,Password12,EMPLOYMENT,Leeds
ccdloadtest4922@gmail.com,Password12,EMPLOYMENT,Leeds
ccdloadtest4923@gmail.com,Password12,EMPLOYMENT,Leeds
ccdloadtest4924@gmail.com,Password12,EMPLOYMENT,Leeds
ccdloadtest4925@gmail.com,Password12,EMPLOYMENT,Leeds
ccdloadtest4926@gmail.com,Password12,EMPLOYMENT,Leeds
ccdloadtest4927@gmail.com,Password12,EMPLOYMENT,Leeds
ccdloadtest4928@gmail.com,Password12,EMPLOYMENT,Leeds
ccdloadtest4929@gmail.com,Password12,EMPLOYMENT,Leeds
ccdloadtest4930@gmail.com,Password12,EMPLOYMENT,Leeds
ccdloadtest4931@gmail.com,Password12,EMPLOYMENT,Leeds
ccdloadtest4932@gmail.com,Password12,EMPLOYMENT,Leeds
ccdloadtest4933@gmail.com,Password12,EMPLOYMENT,Leeds
ccdloadtest4934@gmail.com,Password12,EMPLOYMENT,Leeds
ccdloadtest4935@gmail.com,Password12,EMPLOYMENT,Leeds
ccdloadtest4936@gmail.com,Password12,EMPLOYMENT,Leeds
ccdloadtest4937@gmail.com,Password12,EMPLOYMENT,Leeds
ccdloadtest4938@gmail.com,Password12,EMPLOYMENT,Leeds
ccdloadtest4939@gmail.com,Password12,EMPLOYMENT,Leeds
ccdloadtest4940@gmail.com,Password12,EMPLOYMENT,Leeds
ccdloadtest4941@gmail.com,Password12,EMPLOYMENT,Leeds
ccdloadtest4942@gmail.com,Password12,EMPLOYMENT,Leeds
ccdloadtest4943@gmail.com,Password12,EMPLOYMENT,Leeds
ccdloadtest4944@gmail.com,Password12,EMPLOYMENT,Leeds
ccdloadtest4945@gmail.com,Password12,EMPLOYMENT,Leeds
ccdloadtest4946@gmail.com,Password12,EMPLOYMENT,Leeds
ccdloadtest4947@gmail.com,Password12,EMPLOYMENT,Leeds
ccdloadtest4948@gmail.com,Password12,EMPLOYMENT,Leeds
ccdloadtest4949@gmail.com,Password12,EMPLOYMENT,Leeds
ccdloadtest4950@gmail.com,Password12,EMPLOYMENT,Leeds
ccdloadtest4951@gmail.com,Password12,EMPLOYMENT,Leeds
ccdloadtest4952@gmail.com,Password12,EMPLOYMENT,Leeds
ccdloadtest4953@gmail.com,Password12,EMPLOYMENT,Leeds
ccdloadtest4954@gmail.com,Password12,EMPLOYMENT,Leeds
ccdloadtest4955@gmail.com,Password12,EMPLOYMENT,Leeds
ccdloadtest4956@gmail.com,Password12,EMPLOYMENT,Leeds
ccdloadtest4957@gmail.com,Password12,EMPLOYMENT,Leeds
ccdloadtest4958@gmail.com,Password12,EMPLOYMENT,Leeds
ccdloadtest4959@gmail.com,Password12,EMPLOYMENT,Leeds
ccdloadtest4960@gmail.com,Password12,EMPLOYMENT,Leeds
ccdloadtest4961@gmail.com,Password12,EMPLOYMENT,Leeds
ccdloadtest4962@gmail.com,Password12,EMPLOYMENT,Leeds
ccdloadtest4963@gmail.com,Password12,EMPLOYMENT,Leeds
ccdloadtest4964@gmail.com,Password12,EMPLOYMENT,Leeds
ccdloadtest4965@gmail.com,Password12,EMPLOYMENT,Leeds
ccdloadtest4966@gmail.com,Password12,EMPLOYMENT,Leeds
ccdloadtest4967@gmail.com,Password12,EMPLOYMENT,Leeds
ccdloadtest4968@gmail.com,Password12,EMPLOYMENT,Leeds
ccdloadtest4969@gmail.com,Password12,EMPLOYMENT,Leeds
ccdloadtest4970@gmail.com,Password12,EMPLOYMENT,Leeds
ccdloadtest4971@gmail.com,Password12,EMPLOYMENT,Leeds
ccdloadtest4972@gmail.com,Password12,EMPLOYMENT,Leeds
ccdloadtest4973@gmail.com,Password12,EMPLOYMENT,Leeds
ccdloadtest4974@gmail.com,Password12,EMPLOYMENT,Leeds
ccdloadtest4975@gmail.com,Password12,EMPLOYMENT,Leeds
ccdloadtest4976@gmail.com,Password12,EMPLOYMENT,Leeds
ccdloadtest4977@gmail.com,Password12,EMPLOYMENT,Leeds
ccdloadtest4978@gmail.com,Password12,EMPLOYMENT,Leeds
ccdloadtest4979@gmail.com,Password12,EMPLOYMENT,Leeds
ccdloadtest4980@gmail.com,Password12,EMPLOYMENT,Leeds
ccdloadtest4981@gmail.com,Password12,EMPLOYMENT,Leeds
ccdloadtest4982@gmail.com,Password12,EMPLOYMENT,Leeds
ccdloadtest4983@gmail.com,Password12,EMPLOYMENT,Leeds
ccdloadtest4984@gmail.com,Password12,EMPLOYMENT,Leeds
ccdloadtest4985@gmail.com,Password12,EMPLOYMENT,Leeds
ccdloadtest4986@gmail.com,Password12,EMPLOYMENT,Leeds
ccdloadtest4987@gmail.com,Password12,EMPLOYMENT,Leeds
ccdloadtest4988@gmail.com,Password12,EMPLOYMENT,Leeds
ccdloadtest4989@gmail.com,Password12,EMPLOYMENT,Leeds
ccdloadtest4990@gmail.com,Password12,EMPLOYMENT,Leeds
ccdloadtest4991@gmail.com,Password12,EMPLOYMENT,Leeds
ccdloadtest4992@gmail.com,Password12,EMPLOYMENT,Leeds
ccdloadtest4993@gmail.com,Password12,EMPLOYMENT,Leeds
ccdloadtest4994@gmail.com,Password12,EMPLOYMENT,Leeds
ccdloadtest4995@gmail.com,Password12,EMPLOYMENT,Leeds
ccdloadtest4996@gmail.com,Password12,EMPLOYMENT,Leeds
ccdloadtest4997@gmail.com,Password12,EMPLOYMENT,Leeds
ccdloadtest4998@gmail.com,Password12,EMPLOYMENT,Leeds
ccdloadtest4999@gmail.com,Password12,EMPLOYMENT,Leeds
ccdloadtest5000@gmail.com,Password12,EMPLOYMENT,Leeds