LFUUserName,LFUUserPassword
ccdloadtest999@gmail.com,Password12
ccdloadtest999@gmail.com,Password12
ccdloadtest999@gmail.com,Password12
ccdloadtest999@gmail.com,Password12
ccdloadtest999@gmail.com,Password12
ccdloadtest999@gmail.com,Password12
ccdloadtest999@gmail.com,Password12
ccdloadtest999@gmail.com,Password12
ccdloadtest999@gmail.com,Password12
ccdloadtest999@gmail.com,Password12
ccdloadtest999@gmail.com,Password12
ccdloadtest999@gmail.com,Password12
ccdloadtest999@gmail.com,Password12
ccdloadtest999@gmail.com,Password12
ccdloadtest999@gmail.com,Password12
ccdloadtest999@gmail.com,Password12
ccdloadtest999@gmail.com,Password12
ccdloadtest999@gmail.com,Password12
ccdloadtest999@gmail.com,Password12
ccdloadtest999@gmail.com,Password12
ccdloadtest999@gmail.com,Password12
ccdloadtest999@gmail.com,Password12
ccdloadtest999@gmail.com,Password12
ccdloadtest999@gmail.com,Password12
