ProbateUserName,ProbateUserPassword,PBJurisdiction,PBCaseType
ccdloadtest751@gmail.com,Password12,PROBATE,GrantOfRepresentation
ccdloadtest752@gmail.com,Password12,PROBATE,GrantOfRepresentation
ccdloadtest753@gmail.com,Password12,PROBATE,GrantOfRepresentation
ccdloadtest754@gmail.com,Password12,PROBATE,GrantOfRepresentation
ccdloadtest755@gmail.com,Password12,PROBATE,GrantOfRepresentation
ccdloadtest756@gmail.com,Password12,PROBATE,GrantOfRepresentation
ccdloadtest757@gmail.com,Password12,PROBATE,GrantOfRepresentation
ccdloadtest758@gmail.com,Password12,PROBATE,GrantOfRepresentation
ccdloadtest759@gmail.com,Password12,PROBATE,GrantOfRepresentation
ccdloadtest760@gmail.com,Password12,PROBATE,GrantOfRepresentation
ccdloadtest761@gmail.com,Password12,PROBATE,GrantOfRepresentation
ccdloadtest762@gmail.com,Password12,PROBATE,GrantOfRepresentation
ccdloadtest763@gmail.com,Password12,PROBATE,GrantOfRepresentation
ccdloadtest764@gmail.com,Password12,PROBATE,GrantOfRepresentation
ccdloadtest765@gmail.com,Password12,PROBATE,GrantOfRepresentation
ccdloadtest766@gmail.com,Password12,PROBATE,GrantOfRepresentation
ccdloadtest767@gmail.com,Password12,PROBATE,GrantOfRepresentation
ccdloadtest768@gmail.com,Password12,PROBATE,GrantOfRepresentation
ccdloadtest769@gmail.com,Password12,PROBATE,GrantOfRepresentation
ccdloadtest770@gmail.com,Password12,PROBATE,GrantOfRepresentation
ccdloadtest771@gmail.com,Password12,PROBATE,GrantOfRepresentation
ccdloadtest772@gmail.com,Password12,PROBATE,GrantOfRepresentation
ccdloadtest773@gmail.com,Password12,PROBATE,GrantOfRepresentation
ccdloadtest774@gmail.com,Password12,PROBATE,GrantOfRepresentation
ccdloadtest775@gmail.com,Password12,PROBATE,GrantOfRepresentation
ccdloadtest776@gmail.com,Password12,PROBATE,GrantOfRepresentation
ccdloadtest777@gmail.com,Password12,PROBATE,GrantOfRepresentation
ccdloadtest778@gmail.com,Password12,PROBATE,GrantOfRepresentation
ccdloadtest779@gmail.com,Password12,PROBATE,GrantOfRepresentation
ccdloadtest780@gmail.com,Password12,PROBATE,GrantOfRepresentation
ccdloadtest781@gmail.com,Password12,PROBATE,GrantOfRepresentation
ccdloadtest782@gmail.com,Password12,PROBATE,GrantOfRepresentation
ccdloadtest783@gmail.com,Password12,PROBATE,GrantOfRepresentation
ccdloadtest784@gmail.com,Password12,PROBATE,GrantOfRepresentation
ccdloadtest785@gmail.com,Password12,PROBATE,GrantOfRepresentation
ccdloadtest786@gmail.com,Password12,PROBATE,GrantOfRepresentation
ccdloadtest787@gmail.com,Password12,PROBATE,GrantOfRepresentation
ccdloadtest788@gmail.com,Password12,PROBATE,GrantOfRepresentation
ccdloadtest789@gmail.com,Password12,PROBATE,GrantOfRepresentation
ccdloadtest790@gmail.com,Password12,PROBATE,GrantOfRepresentation
ccdloadtest791@gmail.com,Password12,PROBATE,GrantOfRepresentation
ccdloadtest792@gmail.com,Password12,PROBATE,GrantOfRepresentation
ccdloadtest793@gmail.com,Password12,PROBATE,GrantOfRepresentation
ccdloadtest794@gmail.com,Password12,PROBATE,GrantOfRepresentation
ccdloadtest795@gmail.com,Password12,PROBATE,GrantOfRepresentation
ccdloadtest796@gmail.com,Password12,PROBATE,GrantOfRepresentation
ccdloadtest797@gmail.com,Password12,PROBATE,GrantOfRepresentation
ccdloadtest798@gmail.com,Password12,PROBATE,GrantOfRepresentation
ccdloadtest799@gmail.com,Password12,PROBATE,GrantOfRepresentation
ccdloadtest800@gmail.com,Password12,PROBATE,GrantOfRepresentation
ccdloadtest801@gmail.com,Password12,PROBATE,GrantOfRepresentation
ccdloadtest802@gmail.com,Password12,PROBATE,GrantOfRepresentation
ccdloadtest803@gmail.com,Password12,PROBATE,GrantOfRepresentation
ccdloadtest804@gmail.com,Password12,PROBATE,GrantOfRepresentation
ccdloadtest805@gmail.com,Password12,PROBATE,GrantOfRepresentation
ccdloadtest806@gmail.com,Password12,PROBATE,GrantOfRepresentation
ccdloadtest807@gmail.com,Password12,PROBATE,GrantOfRepresentation
ccdloadtest808@gmail.com,Password12,PROBATE,GrantOfRepresentation
ccdloadtest809@gmail.com,Password12,PROBATE,GrantOfRepresentation
ccdloadtest810@gmail.com,Password12,PROBATE,GrantOfRepresentation
ccdloadtest811@gmail.com,Password12,PROBATE,GrantOfRepresentation
ccdloadtest812@gmail.com,Password12,PROBATE,GrantOfRepresentation
ccdloadtest813@gmail.com,Password12,PROBATE,GrantOfRepresentation
ccdloadtest814@gmail.com,Password12,PROBATE,GrantOfRepresentation
ccdloadtest815@gmail.com,Password12,PROBATE,GrantOfRepresentation
ccdloadtest816@gmail.com,Password12,PROBATE,GrantOfRepresentation
ccdloadtest817@gmail.com,Password12,PROBATE,GrantOfRepresentation
ccdloadtest818@gmail.com,Password12,PROBATE,GrantOfRepresentation
ccdloadtest819@gmail.com,Password12,PROBATE,GrantOfRepresentation
ccdloadtest820@gmail.com,Password12,PROBATE,GrantOfRepresentation
ccdloadtest821@gmail.com,Password12,PROBATE,GrantOfRepresentation
ccdloadtest822@gmail.com,Password12,PROBATE,GrantOfRepresentation
ccdloadtest823@gmail.com,Password12,PROBATE,GrantOfRepresentation
ccdloadtest824@gmail.com,Password12,PROBATE,GrantOfRepresentation
ccdloadtest825@gmail.com,Password12,PROBATE,GrantOfRepresentation
ccdloadtest826@gmail.com,Password12,PROBATE,GrantOfRepresentation
ccdloadtest827@gmail.com,Password12,PROBATE,GrantOfRepresentation
ccdloadtest828@gmail.com,Password12,PROBATE,GrantOfRepresentation
ccdloadtest829@gmail.com,Password12,PROBATE,GrantOfRepresentation
ccdloadtest830@gmail.com,Password12,PROBATE,GrantOfRepresentation
ccdloadtest831@gmail.com,Password12,PROBATE,GrantOfRepresentation
ccdloadtest832@gmail.com,Password12,PROBATE,GrantOfRepresentation
ccdloadtest833@gmail.com,Password12,PROBATE,GrantOfRepresentation
ccdloadtest834@gmail.com,Password12,PROBATE,GrantOfRepresentation
ccdloadtest835@gmail.com,Password12,PROBATE,GrantOfRepresentation
ccdloadtest836@gmail.com,Password12,PROBATE,GrantOfRepresentation
ccdloadtest837@gmail.com,Password12,PROBATE,GrantOfRepresentation
ccdloadtest838@gmail.com,Password12,PROBATE,GrantOfRepresentation
ccdloadtest839@gmail.com,Password12,PROBATE,GrantOfRepresentation
ccdloadtest840@gmail.com,Password12,PROBATE,GrantOfRepresentation
ccdloadtest841@gmail.com,Password12,PROBATE,GrantOfRepresentation
ccdloadtest842@gmail.com,Password12,PROBATE,GrantOfRepresentation
ccdloadtest843@gmail.com,Password12,PROBATE,GrantOfRepresentation
ccdloadtest844@gmail.com,Password12,PROBATE,GrantOfRepresentation
ccdloadtest845@gmail.com,Password12,PROBATE,GrantOfRepresentation
ccdloadtest846@gmail.com,Password12,PROBATE,GrantOfRepresentation
ccdloadtest847@gmail.com,Password12,PROBATE,GrantOfRepresentation
ccdloadtest848@gmail.com,Password12,PROBATE,GrantOfRepresentation
ccdloadtest849@gmail.com,Password12,PROBATE,GrantOfRepresentation
ccdloadtest850@gmail.com,Password12,PROBATE,GrantOfRepresentation
ccdloadtest851@gmail.com,Password12,PROBATE,GrantOfRepresentation
ccdloadtest852@gmail.com,Password12,PROBATE,GrantOfRepresentation
ccdloadtest853@gmail.com,Password12,PROBATE,GrantOfRepresentation
ccdloadtest854@gmail.com,Password12,PROBATE,GrantOfRepresentation
ccdloadtest855@gmail.com,Password12,PROBATE,GrantOfRepresentation
ccdloadtest856@gmail.com,Password12,PROBATE,GrantOfRepresentation
ccdloadtest857@gmail.com,Password12,PROBATE,GrantOfRepresentation
ccdloadtest858@gmail.com,Password12,PROBATE,GrantOfRepresentation
ccdloadtest859@gmail.com,Password12,PROBATE,GrantOfRepresentation
ccdloadtest860@gmail.com,Password12,PROBATE,GrantOfRepresentation
ccdloadtest861@gmail.com,Password12,PROBATE,GrantOfRepresentation
ccdloadtest862@gmail.com,Password12,PROBATE,GrantOfRepresentation
ccdloadtest863@gmail.com,Password12,PROBATE,GrantOfRepresentation
ccdloadtest864@gmail.com,Password12,PROBATE,GrantOfRepresentation
ccdloadtest865@gmail.com,Password12,PROBATE,GrantOfRepresentation
ccdloadtest866@gmail.com,Password12,PROBATE,GrantOfRepresentation
ccdloadtest867@gmail.com,Password12,PROBATE,GrantOfRepresentation
ccdloadtest868@gmail.com,Password12,PROBATE,GrantOfRepresentation
ccdloadtest869@gmail.com,Password12,PROBATE,GrantOfRepresentation
ccdloadtest870@gmail.com,Password12,PROBATE,GrantOfRepresentation
ccdloadtest871@gmail.com,Password12,PROBATE,GrantOfRepresentation
ccdloadtest872@gmail.com,Password12,PROBATE,GrantOfRepresentation
ccdloadtest873@gmail.com,Password12,PROBATE,GrantOfRepresentation
ccdloadtest874@gmail.com,Password12,PROBATE,GrantOfRepresentation
ccdloadtest875@gmail.com,Password12,PROBATE,GrantOfRepresentation
ccdloadtest876@gmail.com,Password12,PROBATE,GrantOfRepresentation
ccdloadtest877@gmail.com,Password12,PROBATE,GrantOfRepresentation
ccdloadtest878@gmail.com,Password12,PROBATE,GrantOfRepresentation
ccdloadtest879@gmail.com,Password12,PROBATE,GrantOfRepresentation
ccdloadtest880@gmail.com,Password12,PROBATE,GrantOfRepresentation
ccdloadtest881@gmail.com,Password12,PROBATE,GrantOfRepresentation
ccdloadtest882@gmail.com,Password12,PROBATE,GrantOfRepresentation
ccdloadtest883@gmail.com,Password12,PROBATE,GrantOfRepresentation
ccdloadtest884@gmail.com,Password12,PROBATE,GrantOfRepresentation
ccdloadtest885@gmail.com,Password12,PROBATE,GrantOfRepresentation
ccdloadtest886@gmail.com,Password12,PROBATE,GrantOfRepresentation
ccdloadtest887@gmail.com,Password12,PROBATE,GrantOfRepresentation
ccdloadtest888@gmail.com,Password12,PROBATE,GrantOfRepresentation
ccdloadtest889@gmail.com,Password12,PROBATE,GrantOfRepresentation
ccdloadtest890@gmail.com,Password12,PROBATE,GrantOfRepresentation
ccdloadtest891@gmail.com,Password12,PROBATE,GrantOfRepresentation
ccdloadtest892@gmail.com,Password12,PROBATE,GrantOfRepresentation
ccdloadtest893@gmail.com,Password12,PROBATE,GrantOfRepresentation
ccdloadtest894@gmail.com,Password12,PROBATE,GrantOfRepresentation
ccdloadtest895@gmail.com,Password12,PROBATE,GrantOfRepresentation
ccdloadtest896@gmail.com,Password12,PROBATE,GrantOfRepresentation
ccdloadtest897@gmail.com,Password12,PROBATE,GrantOfRepresentation
ccdloadtest898@gmail.com,Password12,PROBATE,GrantOfRepresentation
ccdloadtest899@gmail.com,Password12,PROBATE,GrantOfRepresentation
ccdloadtest900@gmail.com,Password12,PROBATE,GrantOfRepresentation
ccdloadtest901@gmail.com,Password12,PROBATE,GrantOfRepresentation
ccdloadtest902@gmail.com,Password12,PROBATE,GrantOfRepresentation
ccdloadtest903@gmail.com,Password12,PROBATE,GrantOfRepresentation
ccdloadtest904@gmail.com,Password12,PROBATE,GrantOfRepresentation
ccdloadtest905@gmail.com,Password12,PROBATE,GrantOfRepresentation
ccdloadtest906@gmail.com,Password12,PROBATE,GrantOfRepresentation
ccdloadtest907@gmail.com,Password12,PROBATE,GrantOfRepresentation
ccdloadtest908@gmail.com,Password12,PROBATE,GrantOfRepresentation
ccdloadtest909@gmail.com,Password12,PROBATE,GrantOfRepresentation
ccdloadtest910@gmail.com,Password12,PROBATE,GrantOfRepresentation
ccdloadtest911@gmail.com,Password12,PROBATE,GrantOfRepresentation
ccdloadtest912@gmail.com,Password12,PROBATE,GrantOfRepresentation
ccdloadtest913@gmail.com,Password12,PROBATE,GrantOfRepresentation
ccdloadtest914@gmail.com,Password12,PROBATE,GrantOfRepresentation
ccdloadtest915@gmail.com,Password12,PROBATE,GrantOfRepresentation
ccdloadtest916@gmail.com,Password12,PROBATE,GrantOfRepresentation
ccdloadtest917@gmail.com,Password12,PROBATE,GrantOfRepresentation
ccdloadtest918@gmail.com,Password12,PROBATE,GrantOfRepresentation
ccdloadtest919@gmail.com,Password12,PROBATE,GrantOfRepresentation
ccdloadtest920@gmail.com,Password12,PROBATE,GrantOfRepresentation
ccdloadtest921@gmail.com,Password12,PROBATE,GrantOfRepresentation
ccdloadtest922@gmail.com,Password12,PROBATE,GrantOfRepresentation
ccdloadtest923@gmail.com,Password12,PROBATE,GrantOfRepresentation
ccdloadtest924@gmail.com,Password12,PROBATE,GrantOfRepresentation
ccdloadtest925@gmail.com,Password12,PROBATE,GrantOfRepresentation
ccdloadtest926@gmail.com,Password12,PROBATE,GrantOfRepresentation
ccdloadtest927@gmail.com,Password12,PROBATE,GrantOfRepresentation
ccdloadtest928@gmail.com,Password12,PROBATE,GrantOfRepresentation
ccdloadtest929@gmail.com,Password12,PROBATE,GrantOfRepresentation
ccdloadtest930@gmail.com,Password12,PROBATE,GrantOfRepresentation
ccdloadtest931@gmail.com,Password12,PROBATE,GrantOfRepresentation
ccdloadtest932@gmail.com,Password12,PROBATE,GrantOfRepresentation
ccdloadtest933@gmail.com,Password12,PROBATE,GrantOfRepresentation
ccdloadtest934@gmail.com,Password12,PROBATE,GrantOfRepresentation
ccdloadtest935@gmail.com,Password12,PROBATE,GrantOfRepresentation
ccdloadtest936@gmail.com,Password12,PROBATE,GrantOfRepresentation
ccdloadtest937@gmail.com,Password12,PROBATE,GrantOfRepresentation
ccdloadtest938@gmail.com,Password12,PROBATE,GrantOfRepresentation
ccdloadtest939@gmail.com,Password12,PROBATE,GrantOfRepresentation
ccdloadtest940@gmail.com,Password12,PROBATE,GrantOfRepresentation
ccdloadtest941@gmail.com,Password12,PROBATE,GrantOfRepresentation
ccdloadtest942@gmail.com,Password12,PROBATE,GrantOfRepresentation
ccdloadtest943@gmail.com,Password12,PROBATE,GrantOfRepresentation
ccdloadtest944@gmail.com,Password12,PROBATE,GrantOfRepresentation
ccdloadtest945@gmail.com,Password12,PROBATE,GrantOfRepresentation
ccdloadtest946@gmail.com,Password12,PROBATE,GrantOfRepresentation
ccdloadtest947@gmail.com,Password12,PROBATE,GrantOfRepresentation
ccdloadtest948@gmail.com,Password12,PROBATE,GrantOfRepresentation
ccdloadtest949@gmail.com,Password12,PROBATE,GrantOfRepresentation
ccdloadtest950@gmail.com,Password12,PROBATE,GrantOfRepresentation
ccdloadtest951@gmail.com,Password12,PROBATE,GrantOfRepresentation
ccdloadtest952@gmail.com,Password12,PROBATE,GrantOfRepresentation
ccdloadtest953@gmail.com,Password12,PROBATE,GrantOfRepresentation
ccdloadtest954@gmail.com,Password12,PROBATE,GrantOfRepresentation
ccdloadtest955@gmail.com,Password12,PROBATE,GrantOfRepresentation
ccdloadtest956@gmail.com,Password12,PROBATE,GrantOfRepresentation
ccdloadtest957@gmail.com,Password12,PROBATE,GrantOfRepresentation
ccdloadtest958@gmail.com,Password12,PROBATE,GrantOfRepresentation
ccdloadtest959@gmail.com,Password12,PROBATE,GrantOfRepresentation
ccdloadtest960@gmail.com,Password12,PROBATE,GrantOfRepresentation
ccdloadtest961@gmail.com,Password12,PROBATE,GrantOfRepresentation
ccdloadtest962@gmail.com,Password12,PROBATE,GrantOfRepresentation
ccdloadtest963@gmail.com,Password12,PROBATE,GrantOfRepresentation
ccdloadtest964@gmail.com,Password12,PROBATE,GrantOfRepresentation
ccdloadtest965@gmail.com,Password12,PROBATE,GrantOfRepresentation
ccdloadtest966@gmail.com,Password12,PROBATE,GrantOfRepresentation
ccdloadtest967@gmail.com,Password12,PROBATE,GrantOfRepresentation
ccdloadtest968@gmail.com,Password12,PROBATE,GrantOfRepresentation
ccdloadtest969@gmail.com,Password12,PROBATE,GrantOfRepresentation
ccdloadtest970@gmail.com,Password12,PROBATE,GrantOfRepresentation
ccdloadtest971@gmail.com,Password12,PROBATE,GrantOfRepresentation
ccdloadtest972@gmail.com,Password12,PROBATE,GrantOfRepresentation
ccdloadtest973@gmail.com,Password12,PROBATE,GrantOfRepresentation
ccdloadtest974@gmail.com,Password12,PROBATE,GrantOfRepresentation
ccdloadtest975@gmail.com,Password12,PROBATE,GrantOfRepresentation
ccdloadtest976@gmail.com,Password12,PROBATE,GrantOfRepresentation
ccdloadtest977@gmail.com,Password12,PROBATE,GrantOfRepresentation
ccdloadtest978@gmail.com,Password12,PROBATE,GrantOfRepresentation
ccdloadtest979@gmail.com,Password12,PROBATE,GrantOfRepresentation
ccdloadtest980@gmail.com,Password12,PROBATE,GrantOfRepresentation
ccdloadtest981@gmail.com,Password12,PROBATE,GrantOfRepresentation
ccdloadtest982@gmail.com,Password12,PROBATE,GrantOfRepresentation
ccdloadtest983@gmail.com,Password12,PROBATE,GrantOfRepresentation
ccdloadtest984@gmail.com,Password12,PROBATE,GrantOfRepresentation
ccdloadtest985@gmail.com,Password12,PROBATE,GrantOfRepresentation
ccdloadtest986@gmail.com,Password12,PROBATE,GrantOfRepresentation
ccdloadtest987@gmail.com,Password12,PROBATE,GrantOfRepresentation
ccdloadtest988@gmail.com,Password12,PROBATE,GrantOfRepresentation
ccdloadtest989@gmail.com,Password12,PROBATE,GrantOfRepresentation
ccdloadtest990@gmail.com,Password12,PROBATE,GrantOfRepresentation
ccdloadtest991@gmail.com,Password12,PROBATE,GrantOfRepresentation
ccdloadtest992@gmail.com,Password12,PROBATE,GrantOfRepresentation
ccdloadtest993@gmail.com,Password12,PROBATE,GrantOfRepresentation
ccdloadtest994@gmail.com,Password12,PROBATE,GrantOfRepresentation
ccdloadtest995@gmail.com,Password12,PROBATE,GrantOfRepresentation
ccdloadtest996@gmail.com,Password12,PROBATE,GrantOfRepresentation
ccdloadtest997@gmail.com,Password12,PROBATE,GrantOfRepresentation
ccdloadtest998@gmail.com,Password12,PROBATE,GrantOfRepresentation
ccdloadtest999@gmail.com,Password12,PROBATE,GrantOfRepresentation
ccdloadtest1000@gmail.com,Password12,PROBATE,GrantOfRepresentation
probatebackoffice@gmail.com,Monday01,PROBATE,GrantOfRepresentation