SSCSUserName,SSCSUserPassword
ccdloadtest501@gmail.com,Password12
ccdloadtest502@gmail.com,Password12
ccdloadtest503@gmail.com,Password12
ccdloadtest504@gmail.com,Password12
ccdloadtest505@gmail.com,Password12
ccdloadtest506@gmail.com,Password12
ccdloadtest507@gmail.com,Password12
ccdloadtest508@gmail.com,Password12
ccdloadtest509@gmail.com,Password12
ccdloadtest510@gmail.com,Password12
ccdloadtest511@gmail.com,Password12
ccdloadtest512@gmail.com,Password12
ccdloadtest513@gmail.com,Password12
ccdloadtest514@gmail.com,Password12
ccdloadtest515@gmail.com,Password12
ccdloadtest516@gmail.com,Password12
ccdloadtest517@gmail.com,Password12
ccdloadtest518@gmail.com,Password12
ccdloadtest519@gmail.com,Password12
ccdloadtest520@gmail.com,Password12
ccdloadtest521@gmail.com,Password12
ccdloadtest522@gmail.com,Password12
ccdloadtest523@gmail.com,Password12
ccdloadtest524@gmail.com,Password12
ccdloadtest525@gmail.com,Password12
ccdloadtest526@gmail.com,Password12
ccdloadtest527@gmail.com,Password12
ccdloadtest528@gmail.com,Password12
ccdloadtest529@gmail.com,Password12
ccdloadtest530@gmail.com,Password12
ccdloadtest531@gmail.com,Password12
ccdloadtest532@gmail.com,Password12
ccdloadtest533@gmail.com,Password12
ccdloadtest534@gmail.com,Password12
ccdloadtest535@gmail.com,Password12
ccdloadtest536@gmail.com,Password12
ccdloadtest537@gmail.com,Password12
ccdloadtest538@gmail.com,Password12
ccdloadtest539@gmail.com,Password12
ccdloadtest540@gmail.com,Password12
ccdloadtest541@gmail.com,Password12
ccdloadtest542@gmail.com,Password12
ccdloadtest543@gmail.com,Password12
ccdloadtest544@gmail.com,Password12
ccdloadtest545@gmail.com,Password12
ccdloadtest546@gmail.com,Password12
ccdloadtest547@gmail.com,Password12
ccdloadtest548@gmail.com,Password12
ccdloadtest549@gmail.com,Password12
ccdloadtest550@gmail.com,Password12
ccdloadtest551@gmail.com,Password12
ccdloadtest552@gmail.com,Password12
ccdloadtest553@gmail.com,Password12
ccdloadtest554@gmail.com,Password12
ccdloadtest555@gmail.com,Password12
ccdloadtest556@gmail.com,Password12
ccdloadtest557@gmail.com,Password12
ccdloadtest558@gmail.com,Password12
ccdloadtest559@gmail.com,Password12
ccdloadtest560@gmail.com,Password12
ccdloadtest561@gmail.com,Password12
ccdloadtest562@gmail.com,Password12
ccdloadtest563@gmail.com,Password12
ccdloadtest564@gmail.com,Password12
ccdloadtest565@gmail.com,Password12
ccdloadtest566@gmail.com,Password12
ccdloadtest567@gmail.com,Password12
ccdloadtest568@gmail.com,Password12
ccdloadtest569@gmail.com,Password12
ccdloadtest570@gmail.com,Password12
ccdloadtest571@gmail.com,Password12
ccdloadtest572@gmail.com,Password12
ccdloadtest573@gmail.com,Password12
ccdloadtest574@gmail.com,Password12
ccdloadtest575@gmail.com,Password12
ccdloadtest576@gmail.com,Password12
ccdloadtest577@gmail.com,Password12
ccdloadtest578@gmail.com,Password12
ccdloadtest579@gmail.com,Password12
ccdloadtest580@gmail.com,Password12
ccdloadtest581@gmail.com,Password12
ccdloadtest582@gmail.com,Password12
ccdloadtest583@gmail.com,Password12
ccdloadtest584@gmail.com,Password12
ccdloadtest585@gmail.com,Password12
ccdloadtest586@gmail.com,Password12
ccdloadtest587@gmail.com,Password12
ccdloadtest588@gmail.com,Password12
ccdloadtest589@gmail.com,Password12
ccdloadtest590@gmail.com,Password12
ccdloadtest591@gmail.com,Password12
ccdloadtest592@gmail.com,Password12
ccdloadtest593@gmail.com,Password12
ccdloadtest594@gmail.com,Password12
ccdloadtest595@gmail.com,Password12
ccdloadtest596@gmail.com,Password12
ccdloadtest597@gmail.com,Password12
ccdloadtest598@gmail.com,Password12
ccdloadtest599@gmail.com,Password12
ccdloadtest600@gmail.com,Password12